timestamp,condition,label,pred
2025-04-20 16:22:20,Anomaly,0,1
2025-04-20 16:22:23,normal,0,0
2025-04-20 16:22:26,normal,0,0
2025-04-20 16:22:29,normal,0,0
2025-04-20 16:22:32,normal,0,0
2025-04-20 16:22:35,normal,0,0
2025-04-20 16:22:38,normal,0,0
2025-04-20 16:22:41,Anomaly,0,1
2025-04-20 16:22:44,normal,0,0
2025-04-20 16:22:47,normal,0,0
2025-04-20 16:22:50,normal,0,0
2025-04-20 16:22:53,normal,0,0
2025-04-20 16:22:57,Anomaly,0,1
2025-04-20 16:23:00,normal,0,0
2025-04-20 16:23:03,normal,0,0
2025-04-20 16:23:06,normal,0,0
2025-04-20 16:23:09,normal,0,0
2025-04-20 16:23:12,Anomaly,0,1
2025-04-20 16:23:15,normal,0,0
2025-04-20 16:23:18,normal,0,0
2025-04-20 16:23:21,normal,0,0
2025-04-20 16:23:24,normal,0,0
2025-04-20 16:23:28,Anomaly,0,1
2025-04-20 16:23:31,normal,0,0
2025-04-20 16:23:34,normal,0,0
2025-04-20 16:23:37,normal,0,0
2025-04-20 16:23:40,normal,0,0
2025-04-20 16:23:43,normal,0,0
2025-04-20 16:23:46,normal,0,0
2025-04-20 16:23:49,normal,0,0
2025-04-20 16:23:52,normal,0,0
2025-04-20 16:23:55,normal,0,0
2025-04-20 16:23:58,normal,0,0
2025-04-20 16:24:01,normal,0,0
2025-04-20 16:24:04,normal,0,0
2025-04-20 16:24:07,normal,0,0
2025-04-20 16:24:10,normal,0,0
2025-04-20 16:24:13,normal,0,0
2025-04-20 16:24:16,normal,0,0
2025-04-20 16:24:19,normal,0,0
2025-04-20 16:24:22,normal,0,0
2025-04-20 16:24:25,normal,0,0
2025-04-20 16:24:28,normal,0,0
2025-04-20 16:24:31,normal,0,0
2025-04-20 16:24:34,normal,0,0
2025-04-20 16:24:37,normal,0,0
2025-04-20 16:24:40,normal,0,0
2025-04-20 16:24:43,normal,0,0
2025-04-20 16:24:46,normal,0,0
2025-04-20 16:24:49,normal,0,0
2025-04-20 16:24:52,normal,0,0
2025-04-20 16:24:55,normal,0,0
2025-04-20 16:24:58,normal,0,0
2025-04-20 16:25:01,normal,0,0
2025-04-20 16:25:04,normal,0,0
2025-04-20 16:25:07,normal,0,0
2025-04-20 16:25:10,normal,0,0
2025-04-20 16:25:13,normal,0,0
2025-04-20 16:25:16,normal,0,0
2025-04-20 16:25:19,normal,0,0
2025-04-20 16:25:22,normal,0,0
2025-04-20 16:25:25,normal,0,0
2025-04-20 16:25:28,normal,0,0
2025-04-20 16:25:32,Anomaly,0,1
2025-04-20 16:25:37,Anomaly,0,1
2025-04-20 16:25:40,normal,0,0
2025-04-20 16:25:43,normal,0,0
2025-04-20 16:25:46,normal,0,0
2025-04-20 16:25:49,normal,0,0
2025-04-20 16:25:53,Anomaly,0,1
2025-04-20 16:25:58,Anomaly,0,1
2025-04-20 16:26:01,normal,0,0
2025-04-20 16:26:04,normal,0,0
2025-04-20 16:26:09,Anomaly,0,1
2025-04-20 16:26:14,Anomaly,0,1
2025-04-20 16:26:17,normal,0,0
2025-04-20 16:26:20,normal,0,0
2025-04-20 16:26:23,normal,0,0
2025-04-20 16:26:26,normal,0,0
2025-04-20 16:26:29,normal,0,0
2025-04-20 16:26:32,normal,0,0
2025-04-20 16:26:35,normal,0,0
2025-04-20 16:26:40,Anomaly,0,1
2025-04-20 16:26:45,Anomaly,0,1
2025-04-20 16:26:48,normal,0,0
2025-04-20 16:26:51,normal,0,0
2025-04-20 16:26:54,normal,0,0
2025-04-20 16:26:57,normal,0,0
2025-04-20 16:27:01,Anomaly,0,1
2025-04-20 16:27:04,normal,0,0
2025-04-20 16:27:07,normal,0,0
2025-04-20 16:27:10,normal,0,0
2025-04-20 16:27:13,normal,0,0
2025-04-20 16:27:16,normal,0,0
2025-04-20 16:27:19,normal,0,0
2025-04-20 16:27:22,normal,0,0
2025-04-20 16:27:25,normal,0,0
2025-04-20 16:27:28,normal,0,0
2025-04-20 16:27:31,normal,0,0
2025-04-20 16:27:34,normal,0,0
2025-04-20 16:27:37,normal,0,0
2025-04-20 16:27:40,normal,0,0
2025-04-20 16:27:43,normal,0,0
2025-04-20 16:27:46,normal,0,0
2025-04-20 16:27:49,normal,0,0
2025-04-20 16:27:53,Anomaly,0,1
2025-04-20 16:27:56,normal,0,0
2025-04-20 16:27:59,normal,0,0
2025-04-20 16:28:03,Anomaly,0,1
2025-04-20 16:28:06,normal,0,0
2025-04-20 16:28:09,Anomaly,0,1
2025-04-20 16:28:12,normal,0,0
2025-04-20 16:28:15,normal,0,0
2025-04-20 16:28:18,normal,0,0
2025-04-20 16:28:21,normal,0,0
2025-04-20 16:28:24,normal,0,0
2025-04-20 16:28:27,normal,0,0
2025-04-20 16:28:30,normal,0,0
2025-04-20 16:28:33,normal,0,0
2025-04-20 16:28:36,normal,0,0
2025-04-20 16:28:39,normal,0,0
2025-04-20 16:28:42,normal,0,0
2025-04-20 16:28:45,normal,0,0
2025-04-20 16:28:48,normal,0,0
2025-04-20 16:28:51,normal,0,0
2025-04-20 16:28:54,normal,0,0
2025-04-20 16:28:57,normal,0,0
2025-04-20 16:29:00,normal,0,0
2025-04-20 16:29:03,normal,0,0
2025-04-20 16:29:06,normal,0,0
2025-04-20 16:29:09,normal,0,0
2025-04-20 16:29:12,normal,0,0
2025-04-20 16:29:15,normal,0,0
2025-04-20 16:29:18,normal,0,0
2025-04-20 16:29:21,normal,0,0
2025-04-20 16:29:24,normal,0,0
2025-04-20 16:29:27,normal,0,0
2025-04-20 16:29:30,normal,0,0
2025-04-20 16:29:33,normal,0,0
2025-04-20 16:29:36,normal,0,0
2025-04-20 16:29:39,normal,0,0
2025-04-20 16:29:42,normal,0,0
2025-04-20 16:29:45,normal,0,0
2025-04-20 16:29:48,normal,0,0
2025-04-20 16:29:51,normal,0,0
2025-04-20 16:29:54,normal,0,0
2025-04-20 16:29:57,normal,0,0
2025-04-20 16:30:00,normal,0,0
2025-04-20 16:30:03,normal,0,0
2025-04-20 16:30:07,Anomaly,0,1
2025-04-20 16:30:10,normal,0,0
2025-04-20 16:30:13,normal,0,0
2025-04-20 16:30:18,Anomaly,0,1
2025-04-20 16:30:21,normal,0,0
2025-04-20 16:30:24,normal,0,0
2025-04-20 16:30:27,normal,0,0
2025-04-20 16:30:30,normal,0,0
2025-04-20 16:30:33,normal,0,0
2025-04-20 16:30:36,normal,0,0
2025-04-20 16:30:39,normal,0,0
2025-04-20 16:30:42,normal,0,0
2025-04-20 16:30:45,normal,0,0
2025-04-20 16:30:49,Anomaly,0,1
2025-04-20 16:30:52,normal,0,0
2025-04-20 16:30:55,normal,0,0
2025-04-20 16:30:58,normal,0,0
2025-04-20 16:31:01,normal,0,0
2025-04-20 16:31:04,normal,0,0
2025-04-20 16:31:07,normal,0,0
2025-04-20 16:31:10,normal,0,0
2025-04-20 16:31:13,normal,0,0
2025-04-20 16:31:16,normal,0,0
2025-04-20 16:31:20,Anomaly,0,1
2025-04-20 16:31:23,normal,0,0
2025-04-20 16:31:26,normal,0,0
2025-04-20 16:31:30,Anomaly,0,1
2025-04-20 16:31:33,normal,0,0
2025-04-20 16:31:36,normal,0,0
2025-04-20 16:31:39,normal,0,0
2025-04-20 16:31:42,normal,0,0
2025-04-20 16:31:45,normal,0,0
2025-04-20 16:31:48,normal,0,0
2025-04-20 16:31:51,normal,0,0
2025-04-20 16:31:54,normal,0,0
2025-04-20 16:31:57,normal,0,0
2025-04-20 16:32:00,normal,0,0
2025-04-20 16:32:03,normal,0,0
2025-04-20 16:32:06,normal,0,0
2025-04-20 16:32:09,normal,0,0
2025-04-20 16:32:12,normal,0,0
2025-04-20 16:32:15,normal,0,0
2025-04-20 16:32:18,normal,0,0
2025-04-20 16:32:21,normal,0,0
2025-04-20 16:32:24,normal,0,0
2025-04-20 16:32:27,normal,0,0
2025-04-20 16:32:30,normal,0,0
2025-04-20 16:32:33,normal,0,0
2025-04-20 16:32:36,normal,0,0
2025-04-20 16:32:39,normal,0,0
2025-04-20 16:32:42,normal,0,0
2025-04-20 16:32:45,normal,0,0
2025-04-20 16:32:48,normal,0,0
2025-04-20 16:32:51,normal,0,0
2025-04-20 16:32:54,normal,0,0
2025-04-20 16:32:58,Anomaly,0,1
2025-04-20 16:33:01,normal,0,0
2025-04-20 16:33:04,normal,0,0
2025-04-20 16:33:07,normal,0,0
2025-04-20 16:33:10,normal,0,0
2025-04-20 16:33:13,normal,0,0
2025-04-20 16:33:16,normal,0,0
2025-04-20 16:33:19,normal,0,0
2025-04-20 16:33:22,normal,0,0
2025-04-20 16:33:25,normal,0,0
2025-04-20 16:33:28,normal,0,0
2025-04-20 16:33:31,normal,0,0
2025-04-20 16:33:34,normal,0,0
2025-04-20 16:33:37,normal,0,0
2025-04-20 16:33:40,normal,0,0
2025-04-20 16:33:43,normal,0,0
2025-04-20 16:33:46,normal,0,0
2025-04-20 16:33:49,normal,0,0
2025-04-20 16:33:52,normal,0,0
2025-04-20 16:33:55,normal,0,0
2025-04-20 16:33:58,normal,0,0
2025-04-20 16:34:01,normal,0,0
2025-04-20 16:34:05,Anomaly,0,1
2025-04-20 16:34:08,normal,0,0
2025-04-20 16:34:11,normal,0,0
2025-04-20 16:34:14,normal,0,0
2025-04-20 16:34:17,normal,0,0
2025-04-20 16:34:20,normal,0,0
2025-04-20 16:34:23,normal,0,0
2025-04-20 16:34:26,normal,0,0
2025-04-20 16:34:29,normal,0,0
2025-04-20 16:34:32,normal,0,0
2025-04-20 16:34:35,normal,0,0
2025-04-20 16:34:38,normal,0,0
2025-04-20 16:34:41,normal,0,0
2025-04-20 16:34:44,normal,0,0
2025-04-20 16:34:47,normal,0,0
2025-04-20 16:34:50,normal,0,0
2025-04-20 16:34:53,normal,0,0
2025-04-20 16:34:56,normal,0,0
2025-04-20 16:34:59,normal,0,0
2025-04-20 16:35:02,normal,0,0
2025-04-20 16:35:05,normal,0,0
2025-04-20 16:35:08,normal,0,0
2025-04-20 16:35:11,normal,0,0
2025-04-20 16:35:14,normal,0,0
2025-04-20 16:35:17,normal,0,0
2025-04-20 16:35:20,normal,0,0
2025-04-20 16:35:23,normal,0,0
2025-04-20 16:35:26,normal,0,0
2025-04-20 16:35:29,normal,0,0
2025-04-20 16:35:32,normal,0,0
2025-04-20 16:35:35,normal,0,0
2025-04-20 16:35:38,normal,0,0
2025-04-20 16:35:41,normal,0,0
2025-04-20 16:35:44,normal,0,0
2025-04-20 16:35:47,normal,0,0
2025-04-20 16:35:50,normal,0,0
2025-04-20 16:35:53,normal,0,0
2025-04-20 16:35:56,normal,0,0
2025-04-20 16:35:59,normal,0,0
2025-04-20 16:36:02,normal,0,0
2025-04-20 16:36:05,normal,0,0
2025-04-20 16:36:08,normal,0,0
2025-04-20 16:36:11,normal,0,0
2025-04-20 16:36:14,normal,0,0
2025-04-20 16:36:17,normal,0,0
2025-04-20 16:36:20,normal,0,0
2025-04-20 16:36:23,normal,0,0
2025-04-20 16:36:26,normal,0,0
2025-04-20 16:36:29,normal,0,0
2025-04-20 16:36:32,normal,0,0
2025-04-20 16:36:35,normal,0,0
2025-04-20 16:36:38,normal,0,0
2025-04-20 16:36:41,normal,0,0
2025-04-20 16:36:44,normal,0,0
2025-04-20 16:36:47,normal,0,0
2025-04-20 16:36:50,normal,0,0
2025-04-20 16:36:53,normal,0,0
2025-04-20 16:36:56,normal,0,0
2025-04-20 16:36:59,normal,0,0
2025-04-20 16:37:02,normal,0,0
2025-04-20 16:37:05,normal,0,0
2025-04-20 16:37:08,normal,0,0
2025-04-20 16:37:11,normal,0,0
2025-04-20 16:37:14,normal,0,0
2025-04-20 16:37:17,normal,0,0
2025-04-20 16:37:20,normal,0,0
2025-04-20 16:37:23,normal,0,0
2025-04-20 16:37:26,normal,0,0
2025-04-20 16:37:29,normal,0,0
2025-04-20 16:37:32,normal,0,0
2025-04-20 16:37:35,normal,0,0
2025-04-20 16:37:38,normal,0,0
2025-04-20 16:37:41,normal,0,0
2025-04-20 16:37:44,normal,0,0
2025-04-20 16:37:47,normal,0,0
2025-04-20 16:37:50,normal,0,0
2025-04-20 16:37:53,normal,0,0
2025-04-20 16:37:56,normal,0,0
2025-04-20 16:37:59,normal,0,0
2025-04-20 16:38:02,normal,0,0
2025-04-20 16:38:05,normal,0,0
2025-04-20 16:38:08,normal,0,0
2025-04-20 16:38:11,normal,0,0
2025-04-20 16:38:14,normal,0,0
2025-04-20 16:38:17,normal,0,0
2025-04-20 16:38:20,normal,0,0
2025-04-20 16:38:23,normal,0,0
2025-04-20 16:38:26,normal,0,0
2025-04-20 16:38:29,normal,0,0
2025-04-20 16:38:32,normal,0,0
2025-04-20 16:38:35,normal,0,0
2025-04-20 16:38:38,normal,0,0
2025-04-20 16:38:41,normal,0,0
2025-04-20 16:38:44,normal,0,0
2025-04-20 16:38:47,normal,0,0
2025-04-20 16:38:50,normal,0,0
2025-04-20 16:38:53,normal,0,0
2025-04-20 16:38:56,normal,0,0
2025-04-20 16:38:59,normal,0,0
2025-04-20 16:39:02,normal,0,0
2025-04-20 16:39:05,normal,0,0
2025-04-20 16:39:08,normal,0,0
2025-04-20 16:39:11,normal,0,0
2025-04-20 16:39:14,normal,0,0
2025-04-20 16:39:17,normal,0,0
2025-04-20 16:39:20,normal,0,0
2025-04-20 16:39:23,normal,0,0
2025-04-20 16:39:26,normal,0,0
2025-04-20 16:39:29,normal,0,0
2025-04-20 16:39:32,normal,0,0
2025-04-20 16:39:35,normal,0,0
2025-04-20 16:39:38,normal,0,0
2025-04-20 16:39:43,Anomaly,0,1
2025-04-20 16:39:46,normal,0,0
2025-04-20 16:39:49,normal,0,0
2025-04-20 16:39:54,Anomaly,0,1
2025-04-20 16:39:59,Anomaly,0,1
2025-04-20 16:40:04,Anomaly,0,1
2025-04-20 16:40:07,normal,0,0
2025-04-20 16:40:10,normal,0,0
2025-04-20 16:40:15,Anomaly,0,1
2025-04-20 16:40:18,normal,0,0
2025-04-20 16:40:21,normal,0,0
2025-04-20 16:40:24,normal,0,0
2025-04-20 16:40:27,normal,0,0
2025-04-20 16:40:31,Anomaly,0,1
2025-04-20 16:40:34,normal,0,0
2025-04-20 16:40:37,normal,0,0
2025-04-20 16:40:40,normal,0,0
2025-04-20 16:40:43,normal,0,0
2025-04-20 16:40:46,normal,0,0
2025-04-20 16:40:49,normal,0,0
2025-04-20 16:40:52,normal,0,0
2025-04-20 16:40:55,normal,0,0
2025-04-20 16:40:58,normal,0,0
2025-04-20 16:41:02,Anomaly,0,1
2025-04-20 16:41:05,normal,0,0
2025-04-20 16:41:08,normal,0,0
2025-04-20 16:41:12,Anomaly,0,1
2025-04-20 16:41:17,Anomaly,0,1
2025-04-20 16:41:20,normal,0,0
2025-04-20 16:41:23,normal,0,0
2025-04-20 16:41:28,Anomaly,0,1
2025-04-20 15:35:29,Anomaly,1,1
2025-04-20 15:35:34,Anomaly,1,1
2025-04-20 15:35:39,Anomaly,1,1
2025-04-20 15:35:42,normal,1,0
2025-04-20 15:35:45,Anomaly,1,1
2025-04-20 15:35:50,Anomaly,1,1
2025-04-20 15:35:53,normal,1,0
2025-04-20 15:35:56,normal,1,0
2025-04-20 15:36:01,Anomaly,1,1
2025-04-20 15:36:06,Anomaly,1,1
2025-04-20 15:36:11,Anomaly,1,1
2025-04-20 15:36:14,normal,1,0
2025-04-20 15:36:17,Anomaly,1,1
2025-04-20 15:36:20,normal,1,0
2025-04-20 15:36:24,Yawn,1,1
2025-04-20 15:36:29,Anomaly,1,1
2025-04-20 15:36:34,Anomaly,1,1
2025-04-20 15:36:39,Anomaly,1,1
2025-04-20 15:36:44,Anomaly,1,1
2025-04-20 15:36:49,Anomaly,1,1
2025-04-20 15:36:54,Anomaly,1,1
2025-04-20 15:36:59,Anomaly,1,1
2025-04-20 15:37:04,Anomaly,1,1
2025-04-20 15:37:09,Anomaly,1,1
2025-04-20 15:37:14,Anomaly,1,1
2025-04-20 15:37:19,Anomaly,1,1
2025-04-20 15:37:24,Anomaly,1,1
2025-04-20 15:37:29,Anomaly,1,1
2025-04-20 15:37:34,Anomaly,1,1
2025-04-20 15:37:39,Anomaly,1,1
2025-04-20 15:37:44,Anomaly,1,1
2025-04-20 15:37:49,Anomaly,1,1
2025-04-20 15:37:54,Anomaly,1,1
2025-04-20 15:37:59,Anomaly,1,1
2025-04-20 15:38:04,Anomaly,1,1
2025-04-20 15:38:09,Anomaly,1,1
2025-04-20 15:38:14,Anomaly,1,1
2025-04-20 15:38:17,normal,1,0
2025-04-20 15:38:20,Anomaly,1,1
2025-04-20 15:38:25,Anomaly,1,1
2025-04-20 15:38:30,Anomaly,1,1
2025-04-20 15:38:33,normal,1,0
2025-04-20 15:38:36,Anomaly,1,1
2025-04-20 15:38:41,Anomaly,1,1
2025-04-20 15:38:46,Anomaly,1,1
2025-04-20 15:38:49,normal,1,0
2025-04-20 15:38:52,Anomaly,1,1
2025-04-20 15:38:57,Anomaly,1,1
2025-04-20 15:39:00,normal,1,0
2025-04-20 15:39:03,Anomaly,1,1
2025-04-20 15:39:08,Anomaly,1,1
2025-04-20 15:39:13,Anomaly,1,1
2025-04-20 15:39:16,normal,1,0
2025-04-20 15:39:19,Anomaly,1,1
2025-04-20 15:39:24,Anomaly,1,1
2025-04-20 15:39:29,Anomaly,1,1
2025-04-20 15:39:32,normal,1,0
2025-04-20 15:39:35,Anomaly,1,1
2025-04-20 15:39:40,Anomaly,1,1
2025-04-20 15:39:45,Anomaly,1,1
2025-04-20 15:39:48,normal,1,0
2025-04-20 15:39:51,Anomaly,1,1
2025-04-20 15:39:56,Anomaly,1,1
2025-04-20 15:40:01,Anomaly,1,1
2025-04-20 15:40:04,normal,1,0
2025-04-20 15:40:07,Anomaly,1,1
2025-04-20 15:40:12,Anomaly,1,1
2025-04-20 15:40:15,normal,1,0
2025-04-20 15:40:18,normal,1,0
2025-04-20 15:40:23,Anomaly,1,1
2025-04-20 15:40:28,Anomaly,1,1
2025-04-20 15:40:33,Anomaly,1,1
2025-04-20 15:40:36,normal,1,0
2025-04-20 15:40:39,Anomaly,1,1
2025-04-20 15:40:44,Anomaly,1,1
2025-04-20 15:40:49,Anomaly,1,1
2025-04-20 15:40:52,normal,1,0
2025-04-20 15:40:55,Anomaly,1,1
2025-04-20 15:41:00,Anomaly,1,1
2025-04-20 15:41:03,normal,1,0
2025-04-20 15:41:06,Anomaly,1,1
2025-04-20 15:41:09,normal,1,0
2025-04-20 15:41:12,normal,1,0
2025-04-20 15:41:16,Anomaly,1,1
2025-04-20 15:41:21,Anomaly,1,1
2025-04-20 15:41:24,normal,1,0
2025-04-20 15:41:27,Anomaly,1,1
2025-04-20 15:41:32,Anomaly,1,1
2025-04-20 15:41:35,normal,1,0
2025-04-20 15:41:38,Anomaly,1,1
2025-04-20 15:41:43,Anomaly,1,1
2025-04-20 15:41:48,Anomaly,1,1
2025-04-20 15:41:51,normal,1,0
2025-04-20 15:41:54,Anomaly,1,1
2025-04-20 15:41:59,Anomaly,1,1
2025-04-20 15:42:02,normal,1,0
2025-04-20 15:42:05,Anomaly,1,1
2025-04-20 15:42:10,Anomaly,1,1
2025-04-20 15:42:15,Anomaly,1,1
2025-04-20 15:42:18,normal,1,0
2025-04-20 15:42:21,Anomaly,1,1
2025-04-20 15:42:26,Anomaly,1,1
2025-04-20 15:42:31,Anomaly,1,1
2025-04-20 15:42:34,normal,1,0
2025-04-20 15:42:37,Anomaly,1,1
2025-04-20 15:42:42,Anomaly,1,1
2025-04-20 15:42:47,Anomaly,1,1
2025-04-20 15:42:50,normal,1,0
2025-04-20 15:42:53,Anomaly,1,1
2025-04-20 15:42:58,Anomaly,1,1
2025-04-20 15:43:03,Anomaly,1,1
2025-04-20 15:43:06,normal,1,0
2025-04-20 15:43:09,normal,1,0
2025-04-20 15:43:12,normal,1,0
2025-04-20 15:43:15,normal,1,0
2025-04-20 15:43:19,Anomaly,1,1
2025-04-20 15:43:24,Anomaly,1,1
2025-04-20 15:43:27,normal,1,0
2025-04-20 15:43:30,Anomaly,1,1
2025-04-20 15:43:35,Anomaly,1,1
2025-04-20 15:43:38,normal,1,0
2025-04-20 15:43:41,Anomaly,1,1
2025-04-20 15:43:46,Anomaly,1,1
2025-04-20 15:43:51,Anomaly,1,1
2025-04-20 15:43:54,normal,1,0
2025-04-20 15:43:57,normal,1,0
2025-04-20 15:44:02,Anomaly,1,1
2025-04-20 15:44:07,Anomaly,1,1
2025-04-20 15:44:12,Anomaly,1,1
2025-04-20 15:44:15,normal,1,0
2025-04-20 15:44:18,Anomaly,1,1
2025-04-20 15:44:23,Anomaly,1,1
2025-04-20 15:44:28,Anomaly,1,1
2025-04-20 15:44:31,normal,1,0
2025-04-20 15:44:34,Anomaly,1,1
2025-04-20 15:44:39,Anomaly,1,1
2025-04-20 15:44:44,Anomaly,1,1
2025-04-20 15:44:47,normal,1,0
2025-04-20 15:44:50,Anomaly,1,1
2025-04-20 15:44:55,Anomaly,1,1
2025-04-20 15:44:58,normal,1,0
2025-04-20 15:45:01,normal,1,0
2025-04-20 15:45:06,Anomaly,1,1
2025-04-20 15:45:11,Anomaly,1,1
2025-04-20 15:45:14,normal,1,0
2025-04-20 15:45:17,normal,1,0
2025-04-20 15:45:22,Anomaly,1,1
2025-04-20 15:45:27,Anomaly,1,1
2025-04-20 15:45:30,normal,1,0
2025-04-20 15:45:33,normal,1,0
2025-04-20 15:45:37,Anomaly,1,1
2025-04-20 15:45:40,normal,1,0
2025-04-20 15:45:43,Anomaly,1,1
2025-04-20 15:45:48,Anomaly,1,1
2025-04-20 15:45:51,normal,1,0
2025-04-20 15:45:54,normal,1,0
2025-04-20 15:45:58,Anomaly,1,1
2025-04-20 15:46:01,normal,1,0
2025-04-20 15:46:04,Anomaly,1,1
2025-04-20 15:46:09,Anomaly,1,1
2025-04-20 15:46:12,normal,1,0
2025-04-20 15:46:15,Anomaly,1,1
2025-04-20 15:46:20,Anomaly,1,1
2025-04-20 15:46:25,Anomaly,1,1
2025-04-20 15:46:28,normal,1,0
2025-04-20 15:46:31,Anomaly,1,1
2025-04-20 15:46:36,Anomaly,1,1
2025-04-20 15:46:41,Anomaly,1,1
2025-04-20 15:46:44,normal,1,0
2025-04-20 15:46:47,Anomaly,1,1
2025-04-20 15:46:52,Anomaly,1,1
2025-04-20 15:46:57,Anomaly,1,1
2025-04-20 15:47:00,normal,1,0
2025-04-20 15:47:03,Anomaly,1,1
2025-04-20 15:47:08,Anomaly,1,1
2025-04-20 15:47:11,normal,1,0
2025-04-20 15:47:14,Anomaly,1,1
2025-04-20 15:47:19,Anomaly,1,1
2025-04-20 15:47:24,Anomaly,1,1
2025-04-20 15:47:27,normal,1,0
2025-04-20 15:47:30,Anomaly,1,1
2025-04-20 15:47:35,Anomaly,1,1
2025-04-20 15:47:40,Anomaly,1,1
2025-04-20 15:47:45,Anomaly,1,1
2025-04-20 15:47:48,normal,1,0
2025-04-20 15:47:51,Anomaly,1,1
2025-04-20 15:47:56,Anomaly,1,1
2025-04-20 15:47:59,normal,1,0
2025-04-20 15:48:02,normal,1,0
2025-04-20 15:48:07,Anomaly,1,1
2025-04-20 15:48:12,Anomaly,1,1
2025-04-20 15:48:17,Anomaly,1,1
2025-04-20 15:48:22,Anomaly,1,1
2025-04-20 15:48:25,normal,1,0
2025-04-20 15:48:28,Anomaly,1,1
2025-04-20 15:48:33,Anomaly,1,1
2025-04-20 15:48:38,Anomaly,1,1
2025-04-20 15:48:41,normal,1,0
2025-04-20 15:48:44,Anomaly,1,1
2025-04-20 15:48:49,Anomaly,1,1
2025-04-20 15:48:54,Anomaly,1,1
2025-04-20 15:48:57,normal,1,0
2025-04-20 15:49:00,Anomaly,1,1
2025-04-20 15:49:05,Anomaly,1,1
2025-04-20 15:49:10,Anomaly,1,1
2025-04-20 15:49:13,normal,1,0
2025-04-20 15:49:16,Anomaly,1,1
2025-04-20 15:49:21,Anomaly,1,1
2025-04-20 15:49:26,Anomaly,1,1
2025-04-20 15:49:31,Anomaly,1,1
2025-04-20 15:49:34,normal,1,0
2025-04-20 15:49:37,Anomaly,1,1
2025-04-20 15:49:42,Anomaly,1,1
2025-04-20 15:49:47,Anomaly,1,1
2025-04-20 15:49:50,normal,1,0
2025-04-20 15:49:53,Anomaly,1,1
2025-04-20 15:49:58,Anomaly,1,1
2025-04-20 15:50:03,Anomaly,1,1
2025-04-20 15:50:06,normal,1,0
2025-04-20 15:50:09,Anomaly,1,1
2025-04-20 15:50:14,Anomaly,1,1
2025-04-20 15:50:19,Anomaly,1,1
2025-04-20 15:50:22,normal,1,0
2025-04-20 15:50:25,Anomaly,1,1
2025-04-20 15:50:30,Anomaly,1,1
2025-04-20 15:50:35,Anomaly,1,1
2025-04-20 15:50:38,normal,1,0
2025-04-20 15:50:41,Anomaly,1,1
2025-04-20 15:50:46,Anomaly,1,1
2025-04-20 15:50:51,Anomaly,1,1
2025-04-20 15:50:54,normal,1,0
2025-04-20 15:50:57,Anomaly,1,1
2025-04-20 15:51:02,Anomaly,1,1
2025-04-20 15:51:07,Anomaly,1,1
2025-04-20 15:51:10,normal,1,0
2025-04-20 15:51:13,Anomaly,1,1
2025-04-20 15:51:18,Anomaly,1,1
2025-04-20 15:51:23,Anomaly,1,1
2025-04-20 15:51:28,Anomaly,1,1
2025-04-20 15:51:31,normal,1,0
2025-04-20 15:51:34,Anomaly,1,1
2025-04-20 15:51:39,Anomaly,1,1
2025-04-20 15:51:42,normal,1,0
2025-04-20 15:51:45,Anomaly,1,1
2025-04-20 15:51:50,Anomaly,1,1
2025-04-20 15:51:55,Anomaly,1,1
2025-04-20 15:52:00,Anomaly,1,1
2025-04-20 15:52:03,normal,1,0
2025-04-20 15:52:06,Anomaly,1,1
2025-04-20 15:52:11,Anomaly,1,1
2025-04-20 15:52:16,Anomaly,1,1
2025-04-20 15:52:19,normal,1,0
2025-04-20 15:52:22,Anomaly,1,1
2025-04-20 15:52:27,Anomaly,1,1
2025-04-20 15:52:32,Anomaly,1,1
2025-04-20 15:52:35,normal,1,0
2025-04-20 15:52:38,Anomaly,1,1
2025-04-20 15:52:43,Anomaly,1,1
2025-04-20 15:52:48,Anomaly,1,1
2025-04-20 15:52:51,normal,1,0
2025-04-20 15:52:54,Anomaly,1,1
2025-04-20 15:52:59,Anomaly,1,1
2025-04-20 15:53:04,Anomaly,1,1
2025-04-20 15:53:09,Anomaly,1,1
2025-04-20 15:53:12,normal,1,0
2025-04-20 15:53:15,Anomaly,1,1
2025-04-20 15:53:20,Anomaly,1,1
2025-04-20 15:53:25,Anomaly,1,1
2025-04-20 15:53:28,normal,1,0
2025-04-20 15:53:31,Anomaly,1,1
2025-04-20 15:53:36,Anomaly,1,1
2025-04-20 15:53:41,Anomaly,1,1
2025-04-20 15:53:44,normal,1,0
2025-04-20 15:53:47,Anomaly,1,1
2025-04-20 15:53:52,Anomaly,1,1
2025-04-20 15:53:57,Anomaly,1,1
2025-04-20 15:54:00,normal,1,0
2025-04-20 15:54:03,Anomaly,1,1
2025-04-20 15:54:08,Anomaly,1,1
2025-04-20 15:54:13,Anomaly,1,1
2025-04-20 15:54:16,normal,1,0
2025-04-20 15:54:19,Anomaly,1,1
2025-04-20 15:54:24,Anomaly,1,1
2025-04-20 15:54:29,Anomaly,1,1
2025-04-20 15:54:34,Anomaly,1,1
2025-04-20 15:54:37,normal,1,0
2025-04-20 15:54:40,Anomaly,1,1
2025-04-20 15:54:45,Anomaly,1,1
2025-04-20 15:54:50,Anomaly,1,1
2025-04-20 15:54:53,normal,1,0
2025-04-20 15:54:56,Anomaly,1,1
2025-04-20 15:55:01,Anomaly,1,1
2025-04-20 15:55:06,Anomaly,1,1
2025-04-20 15:55:09,normal,1,0
2025-04-20 15:55:12,Anomaly,1,1
2025-04-20 15:55:17,Anomaly,1,1
2025-04-20 15:55:22,Anomaly,1,1
2025-04-20 15:55:25,normal,1,0
2025-04-20 15:55:28,Anomaly,1,1
2025-04-20 15:55:33,Anomaly,1,1
2025-04-20 15:55:38,Anomaly,1,1
2025-04-20 15:55:41,normal,1,0
2025-04-20 15:55:44,Anomaly,1,1
2025-04-20 15:55:49,Anomaly,1,1
2025-04-20 15:55:54,Anomaly,1,1
2025-04-20 15:55:59,Anomaly,1,1
2025-04-20 15:56:02,normal,1,0
2025-04-20 15:56:05,Anomaly,1,1
2025-04-20 15:56:10,Anomaly,1,1
2025-04-20 15:56:15,Anomaly,1,1
2025-04-20 15:56:18,normal,1,0
2025-04-20 15:56:21,Anomaly,1,1
2025-04-20 15:56:26,Anomaly,1,1
2025-04-20 15:56:31,Anomaly,1,1
2025-04-20 15:56:34,normal,1,0
2025-04-20 15:56:37,Anomaly,1,1
2025-04-20 15:56:42,Anomaly,1,1
2025-04-20 15:56:47,Anomaly,1,1
2025-04-20 15:56:50,normal,1,0
2025-04-20 15:56:53,Anomaly,1,1
2025-04-20 15:56:58,Anomaly,1,1
2025-04-20 15:57:03,Anomaly,1,1
2025-04-20 15:57:06,normal,1,0
2025-04-20 15:57:09,Anomaly,1,1
2025-04-20 15:57:14,Anomaly,1,1
2025-04-20 15:57:19,Anomaly,1,1
2025-04-20 15:57:22,normal,1,0
2025-04-20 15:57:25,Anomaly,1,1
2025-04-20 15:57:30,Anomaly,1,1
2025-04-20 15:57:35,Anomaly,1,1
2025-04-20 15:57:40,Anomaly,1,1
2025-04-20 15:57:43,normal,1,0
2025-04-20 15:57:46,Anomaly,1,1
2025-04-20 15:57:51,Anomaly,1,1
2025-04-20 15:57:56,Anomaly,1,1
2025-04-20 15:57:59,normal,1,0
2025-04-20 15:58:02,normal,1,0
2025-04-20 15:58:07,Anomaly,1,1
2025-04-20 15:58:12,Anomaly,1,1
2025-04-20 15:58:15,normal,1,0
2025-04-20 15:58:18,Anomaly,1,1
2025-04-20 15:58:23,Anomaly,1,1
2025-04-20 15:58:28,Anomaly,1,1
2025-04-20 15:58:33,Anomaly,1,1
2025-04-20 15:58:36,normal,1,0
2025-04-20 15:58:39,Anomaly,1,1
2025-04-20 15:58:44,Anomaly,1,1
2025-04-20 15:58:49,Anomaly,1,1
2025-04-20 15:58:52,normal,1,0
2025-04-20 15:58:55,Anomaly,1,1
2025-04-20 15:59:00,Anomaly,1,1
2025-04-20 15:59:05,Anomaly,1,1
2025-04-20 15:59:08,normal,1,0
2025-04-20 15:59:11,normal,1,0
2025-04-20 15:59:16,Anomaly,1,1
2025-04-20 15:59:21,Anomaly,1,1
2025-04-20 15:59:26,Anomaly,1,1
2025-04-20 15:59:29,normal,1,0
2025-04-20 15:59:32,Anomaly,1,1
2025-04-20 15:59:37,Anomaly,1,1
2025-04-20 15:59:42,Anomaly,1,1
2025-04-20 15:59:45,normal,1,0
2025-04-20 15:59:48,Anomaly,1,1
2025-04-20 15:59:53,Anomaly,1,1
2025-04-20 15:59:58,Anomaly,1,1
2025-04-20 16:00:01,normal,1,0
2025-04-20 16:00:04,Anomaly,1,1
2025-04-20 16:00:07,normal,1,0
2025-04-20 16:00:10,normal,1,0
2025-04-20 16:00:14,Anomaly,1,1
2025-04-20 16:00:19,Anomaly,1,1
2025-04-20 16:00:22,normal,1,0
2025-04-20 16:00:25,Anomaly,1,1
2025-04-20 16:00:30,Anomaly,1,1
2025-04-20 16:00:35,Anomaly,1,1
2025-04-20 16:00:38,normal,1,0
2025-04-20 16:00:41,Anomaly,1,1
2025-04-20 16:00:46,Anomaly,1,1
2025-04-20 16:00:51,Anomaly,1,1
2025-04-20 16:00:54,normal,1,0
2025-04-20 16:00:57,Anomaly,1,1
2025-04-20 16:01:02,Anomaly,1,1
2025-04-20 16:01:07,Anomaly,1,1
2025-04-20 16:01:10,normal,1,0
2025-04-20 16:01:13,Anomaly,1,1
2025-04-20 16:01:18,Anomaly,1,1
2025-04-20 16:01:23,Anomaly,1,1
2025-04-20 16:01:26,normal,1,0
2025-04-20 16:01:29,normal,1,0
2025-04-20 16:01:34,Anomaly,1,1
2025-04-20 16:01:39,Anomaly,1,1
2025-04-20 16:01:42,normal,1,0
2025-04-20 16:01:45,normal,1,0
2025-04-20 16:01:49,Anomaly,1,1
2025-04-20 16:01:52,normal,1,0
2025-04-20 16:01:55,Anomaly,1,1
2025-04-20 16:02:00,Anomaly,1,1
2025-04-20 16:02:03,normal,1,0
2025-04-20 16:02:06,normal,1,0
2025-04-20 16:02:10,Anomaly,1,1
2025-04-20 16:02:13,normal,1,0
2025-04-20 16:02:16,Anomaly,1,1
2025-04-20 16:02:21,Anomaly,1,1
2025-04-20 16:02:26,Anomaly,1,1
2025-04-20 16:02:29,normal,1,0
2025-04-20 16:02:32,Anomaly,1,1
2025-04-20 16:02:37,Anomaly,1,1
2025-04-20 16:02:40,normal,1,0
2025-04-20 16:02:43,normal,1,0
2025-04-20 16:02:47,Anomaly,1,1
2025-04-20 16:02:50,normal,1,0
2025-04-20 16:02:53,Anomaly,1,1
2025-04-20 16:02:58,Anomaly,1,1
2025-04-20 16:03:01,normal,1,0
2025-04-20 16:03:04,normal,1,0
2025-04-20 16:03:08,Anomaly,1,1
2025-04-20 16:03:11,normal,1,0
2025-04-20 16:03:14,Anomaly,1,1
2025-04-20 16:03:19,Anomaly,1,1
2025-04-20 16:03:22,normal,1,0
2025-04-20 16:03:25,normal,1,0
2025-04-20 16:03:29,Anomaly,1,1
2025-04-20 16:03:32,normal,1,0
2025-04-20 16:03:35,Anomaly,1,1
2025-04-20 16:03:40,Anomaly,1,1
2025-04-20 16:03:45,Anomaly,1,1
2025-04-20 16:03:48,normal,1,0
2025-04-20 16:03:51,Anomaly,1,1
2025-04-20 16:03:56,Anomaly,1,1
2025-04-20 16:04:01,Anomaly,1,1
2025-04-20 16:04:04,normal,1,0
2025-04-20 16:04:07,normal,1,0
2025-04-20 16:04:10,normal,1,0
2025-04-20 16:04:13,normal,1,0
2025-04-20 16:04:17,Anomaly,1,1
2025-04-20 16:04:22,Anomaly,1,1
2025-04-20 16:04:25,normal,1,0
2025-04-20 16:04:28,Anomaly,1,1
2025-04-20 16:04:33,Anomaly,1,1
2025-04-20 16:04:38,Anomaly,1,1
2025-04-20 16:04:41,normal,1,0
2025-04-20 16:04:44,normal,1,0
2025-04-20 16:04:47,normal,1,0
2025-04-20 16:04:50,normal,1,0
2025-04-20 16:04:53,normal,1,0
2025-04-20 16:04:56,normal,1,0
2025-04-20 16:04:59,Anomaly,1,1
2025-04-20 16:05:04,Anomaly,1,1
2025-04-20 16:05:07,normal,1,0
2025-04-20 16:05:10,Anomaly,1,1
2025-04-20 16:05:15,Anomaly,1,1
2025-04-20 16:05:20,Anomaly,1,1
2025-04-20 16:05:23,normal,1,0
2025-04-20 16:05:26,Anomaly,1,1
2025-04-20 16:05:31,Anomaly,1,1
2025-04-20 16:05:36,Anomaly,1,1
2025-04-20 16:05:41,Anomaly,1,1
2025-04-20 16:05:44,normal,1,0
2025-04-20 16:05:47,Anomaly,1,1
2025-04-20 16:05:52,Anomaly,1,1
2025-04-20 16:05:57,Anomaly,1,1
2025-04-20 16:06:00,normal,1,0
2025-04-20 16:06:03,Anomaly,1,1
2025-04-20 16:06:08,Anomaly,1,1
2025-04-20 16:06:13,Anomaly,1,1
2025-04-20 16:06:16,normal,1,0
2025-04-20 16:06:19,Anomaly,1,1
2025-04-20 16:06:24,Anomaly,1,1
2025-04-20 16:06:29,Anomaly,1,1
2025-04-20 16:06:34,Anomaly,1,1
2025-04-20 16:06:37,normal,1,0
2025-04-20 16:06:40,Anomaly,1,1
2025-04-20 16:06:45,Anomaly,1,1
2025-04-20 16:06:50,Anomaly,1,1
2025-04-20 16:06:53,normal,1,0
2025-04-20 16:06:56,Anomaly,1,1
2025-04-20 16:07:01,Anomaly,1,1
2025-04-20 16:07:06,Anomaly,1,1
2025-04-20 16:07:09,normal,1,0
2025-04-20 16:07:12,Anomaly,1,1
2025-04-20 16:07:17,Anomaly,1,1
2025-04-20 16:07:22,Anomaly,1,1
2025-04-20 16:07:27,Anomaly,1,1
2025-04-20 16:07:30,normal,1,0
2025-04-20 16:07:33,Anomaly,1,1
2025-04-20 16:07:38,Anomaly,1,1
2025-04-20 16:07:43,Anomaly,1,1
2025-04-20 16:07:46,normal,1,0
2025-04-20 16:07:49,Anomaly,1,1
2025-04-20 16:07:54,Anomaly,1,1
2025-04-20 16:07:59,Anomaly,1,1
2025-04-20 16:08:02,normal,1,0
2025-04-20 16:08:05,Anomaly,1,1
2025-04-20 16:08:10,Anomaly,1,1
2025-04-20 16:08:15,Anomaly,1,1
2025-04-20 16:08:18,normal,1,0
2025-04-20 16:08:21,Anomaly,1,1
2025-04-20 16:08:26,Anomaly,1,1
2025-04-20 16:08:31,Anomaly,1,1
2025-04-20 16:08:34,normal,1,0
2025-04-20 16:08:37,Anomaly,1,1
2025-04-20 16:08:42,Anomaly,1,1
2025-04-20 16:08:45,normal,1,0
2025-04-20 16:08:48,normal,1,0
2025-04-20 16:08:52,Anomaly,1,1
2025-04-20 16:08:55,normal,1,0
2025-04-20 16:08:58,Anomaly,1,1
2025-04-20 16:09:01,normal,1,0
2025-04-20 16:09:04,normal,1,0
2025-04-20 16:09:08,Anomaly,1,1
2025-04-20 16:09:11,normal,1,0
2025-04-20 16:09:14,Anomaly,1,1
2025-04-20 16:09:19,Anomaly,1,1
2025-04-20 16:09:24,Anomaly,1,1
2025-04-20 16:09:27,normal,1,0
2025-04-20 16:09:30,Anomaly,1,1
2025-04-20 16:09:35,Anomaly,1,1
2025-04-20 16:09:40,Anomaly,1,1
2025-04-20 16:09:45,Anomaly,1,1
2025-04-20 16:09:48,normal,1,0
2025-04-20 16:09:51,Anomaly,1,1
2025-04-20 16:09:56,Anomaly,1,1
2025-04-20 16:10:01,Anomaly,1,1
2025-04-20 16:10:04,normal,1,0
2025-04-20 16:10:07,Anomaly,1,1
2025-04-20 16:10:12,Anomaly,1,1
2025-04-20 16:10:17,Anomaly,1,1
2025-04-20 16:10:20,normal,1,0
2025-04-20 16:10:23,Anomaly,1,1
2025-04-20 16:10:28,Anomaly,1,1
2025-04-20 16:10:33,Anomaly,1,1
2025-04-20 16:10:36,normal,1,0
2025-04-20 16:10:39,Anomaly,1,1
2025-04-20 16:10:44,Anomaly,1,1
2025-04-20 16:10:49,Anomaly,1,1
2025-04-20 16:10:54,Anomaly,1,1
2025-04-20 16:10:57,normal,1,0
2025-04-20 16:11:00,Anomaly,1,1
2025-04-20 16:11:03,normal,1,0
2025-04-20 16:11:06,normal,1,0
2025-04-20 16:11:09,normal,1,0
2025-04-20 16:11:12,normal,1,0
2025-04-20 16:11:15,normal,1,0
2025-04-20 16:11:18,normal,1,0
2025-04-20 16:11:21,normal,1,0
2025-04-20 16:11:26,Anomaly,1,1
2025-04-20 16:11:31,Anomaly,1,1
2025-04-20 16:11:34,normal,1,0
2025-04-20 16:11:37,normal,1,0
2025-04-20 16:11:41,Anomaly,1,1
2025-04-20 16:11:44,normal,1,0
2025-04-20 16:11:47,Anomaly,1,1
2025-04-20 16:11:52,Anomaly,1,1
2025-04-20 16:11:55,normal,1,0
2025-04-20 16:11:58,normal,1,0
2025-04-20 16:12:03,Anomaly,1,1
2025-04-20 16:12:08,Anomaly,1,1
2025-04-20 16:12:13,Anomaly,1,1
2025-04-20 16:12:16,normal,1,0
2025-04-20 16:12:19,normal,1,0
2025-04-20 16:12:24,Anomaly,1,1
2025-04-20 16:12:29,Anomaly,1,1
2025-04-20 16:12:34,Anomaly,1,1
2025-04-20 16:12:37,normal,1,0
2025-04-20 16:12:40,Anomaly,1,1
2025-04-20 16:12:45,Anomaly,1,1
2025-04-20 16:12:50,Anomaly,1,1
2025-04-20 16:12:55,Anomaly,1,1
2025-04-20 16:12:58,normal,1,0
2025-04-20 16:13:01,Anomaly,1,1
2025-04-20 16:13:06,Anomaly,1,1
2025-04-20 16:13:11,Anomaly,1,1
2025-04-20 16:13:14,normal,1,0
2025-04-20 16:13:17,normal,1,0
2025-04-20 16:13:22,Anomaly,1,1
2025-04-20 16:13:27,Anomaly,1,1
2025-04-20 16:13:32,Anomaly,1,1
2025-04-20 16:13:35,normal,1,0
2025-04-20 16:13:38,Anomaly,1,1
2025-04-20 16:13:43,Anomaly,1,1
2025-04-20 16:13:48,Anomaly,1,1
2025-04-20 16:13:51,normal,1,0
2025-04-20 16:13:54,normal,1,0
2025-04-20 16:13:59,Anomaly,1,1
2025-04-20 16:14:04,Anomaly,1,1
2025-04-20 16:14:09,Anomaly,1,1
2025-04-20 16:14:12,normal,1,0
2025-04-20 16:14:15,Anomaly,1,1
2025-04-20 16:14:20,Anomaly,1,1
2025-04-20 16:14:25,Anomaly,1,1
2025-04-20 16:14:28,normal,1,0
2025-04-20 16:14:31,Anomaly,1,1
2025-04-20 16:14:36,Anomaly,1,1
2025-04-20 16:14:41,Anomaly,1,1
2025-04-20 16:14:46,Anomaly,1,1
2025-04-20 16:14:49,normal,1,0
2025-04-20 16:14:52,Anomaly,1,1
2025-04-20 16:14:57,Anomaly,1,1
2025-04-20 16:15:00,normal,1,0
2025-04-20 16:15:03,Anomaly,1,1
2025-04-20 16:15:08,Anomaly,1,1
2025-04-20 16:15:13,Anomaly,1,1
2025-04-20 16:15:18,Anomaly,1,1
2025-04-20 16:15:21,normal,1,0
2025-04-20 16:15:24,Anomaly,1,1
2025-04-20 16:15:29,Anomaly,1,1
2025-04-20 16:15:32,normal,1,0
2025-04-20 16:15:35,normal,1,0
2025-04-20 16:15:40,Anomaly,1,1
2025-04-20 16:15:45,Anomaly,1,1
2025-04-20 16:15:50,Anomaly,1,1
2025-04-20 16:15:53,normal,1,0
2025-04-20 16:15:56,Anomaly,1,1
2025-04-20 16:16:01,Anomaly,1,1
2025-04-20 16:16:06,Anomaly,1,1
2025-04-20 16:16:09,normal,1,0
2025-04-20 16:16:12,Anomaly,1,1
2025-04-20 16:16:17,Anomaly,1,1
2025-04-20 16:16:22,Anomaly,1,1
2025-04-20 16:16:25,normal,1,0
2025-04-20 16:16:28,normal,1,0
2025-04-20 16:16:31,normal,1,0
2025-04-20 16:16:34,normal,1,0
2025-04-20 16:16:38,Anomaly,1,1
2025-04-20 16:16:43,Anomaly,1,1
2025-04-20 16:16:48,Anomaly,1,1
2025-04-20 16:16:51,normal,1,0
2025-04-20 16:16:54,Anomaly,1,1
2025-04-20 16:16:59,Anomaly,1,1
2025-04-20 16:17:04,Anomaly,1,1
2025-04-20 16:17:07,normal,1,0
2025-04-20 16:17:10,Anomaly,1,1
2025-04-20 16:17:15,Anomaly,1,1
2025-04-20 16:17:20,Anomaly,1,1
2025-04-20 16:17:23,normal,1,0
2025-04-20 16:17:26,Anomaly,1,1
2025-04-20 16:17:31,Anomaly,1,1
2025-04-20 16:17:36,Anomaly,1,1
2025-04-20 16:17:39,normal,1,0
2025-04-20 16:17:42,Anomaly,1,1
2025-04-20 16:17:47,Anomaly,1,1
2025-04-20 16:17:52,Anomaly,1,1
2025-04-20 16:17:55,normal,1,0
2025-04-20 16:17:58,Anomaly,1,1
2025-04-20 16:18:03,Anomaly,1,1
2025-04-20 16:18:08,Anomaly,1,1
2025-04-20 16:18:11,normal,1,0
2025-04-20 16:18:14,Anomaly,1,1
2025-04-20 16:18:19,Anomaly,1,1
2025-04-20 16:18:24,Anomaly,1,1
2025-04-20 16:18:27,normal,1,0
2025-04-20 16:18:30,Anomaly,1,1
2025-04-20 16:18:35,Anomaly,1,1
2025-04-20 16:18:40,Anomaly,1,1
2025-04-20 16:18:43,normal,1,0
2025-04-20 16:18:46,normal,1,0
2025-04-20 16:18:51,Anomaly,1,1
2025-04-20 16:18:56,Anomaly,1,1
2025-04-20 16:18:59,normal,1,0
2025-04-20 16:19:02,Anomaly,1,1
2025-04-20 16:47:53,Drowsiness,1,1
2025-04-20 16:47:56,normal,1,0
2025-04-20 16:47:59,Drowsiness,1,1
2025-04-20 16:48:02,normal,1,0
2025-04-20 16:48:05,Drowsiness,1,1
2025-04-20 16:48:08,normal,1,0
2025-04-20 16:48:11,Drowsiness,1,1
2025-04-20 16:48:14,normal,1,0
2025-04-20 16:48:17,Drowsiness,1,1
2025-04-20 16:48:20,normal,1,0
2025-04-20 16:48:23,Drowsiness,1,1
2025-04-20 16:48:26,normal,1,0
2025-04-20 16:48:29,normal,1,0
2025-04-20 16:48:32,normal,1,0
2025-04-20 16:48:35,normal,1,0
2025-04-20 16:48:40,Drowsiness,1,1
2025-04-20 16:48:43,normal,1,0
2025-04-20 16:48:46,normal,1,0
2025-04-20 16:48:50,Yawn,1,1
2025-04-20 16:48:53,normal,1,0
2025-04-20 16:48:56,Yawn,1,1
2025-04-20 16:48:59,normal,1,0
2025-04-20 16:49:02,normal,1,0
2025-04-20 16:49:06,Drowsiness,1,1
2025-04-20 16:49:09,normal,1,0
2025-04-20 16:49:12,normal,1,0
2025-04-20 16:49:15,normal,1,0
2025-04-20 16:49:18,normal,1,0
2025-04-20 16:49:21,normal,1,0
2025-04-20 16:49:26,Drowsiness,1,1
2025-04-20 16:49:29,normal,1,0
2025-04-20 16:49:32,Drowsiness,1,1
2025-04-20 16:49:35,normal,1,0
2025-04-20 16:49:38,normal,1,0
2025-04-20 16:49:41,normal,1,0
2025-04-20 16:49:44,normal,1,0
2025-04-20 16:49:47,normal,1,0
2025-04-20 16:49:50,normal,1,0
2025-04-20 16:49:54,Drowsiness,1,1
2025-04-20 16:49:57,normal,1,0
2025-04-20 16:50:00,normal,1,0
2025-04-20 16:50:03,Drowsiness,1,1
2025-04-20 16:50:06,normal,1,0
2025-04-20 16:50:10,Yawn,1,1
2025-04-20 16:50:13,normal,1,0
2025-04-20 16:50:16,Drowsiness,1,1
2025-04-20 16:50:19,normal,1,0
2025-04-20 16:50:22,Drowsiness,1,1
2025-04-20 16:50:27,Drowsiness,1,1
2025-04-20 16:50:32,Drowsiness,1,1
2025-04-20 16:50:37,Drowsiness,1,1
2025-04-20 16:50:40,normal,1,0
2025-04-20 16:50:43,Drowsiness,1,1
2025-04-20 16:50:48,Drowsiness,1,1
2025-04-20 16:50:51,normal,1,0
2025-04-20 16:50:54,normal,1,0
2025-04-20 16:50:57,normal,1,0
2025-04-20 16:51:02,Drowsiness,1,1
2025-04-20 16:51:05,normal,1,0
2025-04-20 16:51:08,normal,1,0
2025-04-20 16:51:12,Drowsiness,1,1
2025-04-20 16:51:15,normal,1,0
2025-04-20 16:51:18,Yawn,1,1
2025-04-20 16:51:21,normal,1,0
2025-04-20 16:51:24,Drowsiness,1,1
2025-04-20 16:51:27,normal,1,0
2025-04-20 16:51:30,Drowsiness,1,1
2025-04-20 16:51:33,normal,1,0
2025-04-20 16:51:36,Drowsiness,1,1
2025-04-20 16:51:41,Drowsiness,1,1
2025-04-20 16:51:46,Drowsiness,1,1
2025-04-20 16:51:51,Drowsiness,1,1
2025-04-20 16:51:54,normal,1,0
2025-04-20 16:51:57,Drowsiness,1,1
2025-04-20 16:52:02,Drowsiness,1,1
2025-04-20 16:52:07,Drowsiness,1,1
2025-04-20 16:52:10,normal,1,0
2025-04-20 16:52:15,Yawn,1,1
2025-04-20 16:52:18,normal,1,0
2025-04-20 16:52:21,Yawn,1,1
2025-04-20 16:52:24,normal,1,0
2025-04-20 16:52:27,normal,1,0
2025-04-20 16:52:30,Drowsiness,1,1
2025-04-20 16:52:33,normal,1,0
2025-04-20 16:52:36,Drowsiness,1,1
2025-04-20 16:52:39,normal,1,0
2025-04-20 16:52:42,Drowsiness,1,1
2025-04-20 16:52:45,normal,1,0
2025-04-20 16:52:48,Drowsiness,1,1
2025-04-20 16:52:51,normal,1,0
2025-04-20 16:52:54,Drowsiness,1,1
2025-04-20 16:52:57,normal,1,0
2025-04-20 16:53:00,Drowsiness,1,1
2025-04-20 16:53:03,normal,1,0
2025-04-20 16:53:06,Drowsiness,1,1
2025-04-20 16:53:09,normal,1,0
2025-04-20 16:53:12,Drowsiness,1,1
2025-04-20 16:53:15,normal,1,0
2025-04-20 16:53:18,Drowsiness,1,1
2025-04-20 16:53:21,normal,1,0
2025-04-20 16:53:24,normal,1,0
2025-04-20 16:53:29,Drowsiness,1,1
2025-04-20 16:53:34,Yawn,1,1
2025-04-20 16:53:37,normal,1,0
2025-04-20 16:53:40,Drowsiness,1,1
2025-04-20 16:53:43,normal,1,0
2025-04-20 16:53:46,normal,1,0
2025-04-20 16:53:49,Drowsiness,1,1
2025-04-20 16:53:52,normal,1,0
2025-04-20 16:53:55,Drowsiness,1,1
2025-04-20 16:53:58,normal,1,0
2025-04-20 16:54:01,Yawn,1,1
2025-04-20 16:54:04,normal,1,0
2025-04-20 16:54:07,Drowsiness,1,1
2025-04-20 16:54:12,Drowsiness,1,1
2025-04-20 16:54:17,Drowsiness,1,1
2025-04-20 16:54:20,normal,1,0
2025-04-20 16:54:23,Drowsiness,1,1
2025-04-20 16:54:26,normal,1,0
2025-04-20 16:54:29,Drowsiness,1,1
2025-04-20 16:54:32,normal,1,0
2025-04-20 16:54:35,Drowsiness,1,1
2025-04-20 16:54:38,normal,1,0
2025-04-20 16:54:41,Drowsiness,1,1
2025-04-20 16:54:44,normal,1,0
2025-04-20 16:54:47,Drowsiness,1,1
2025-04-20 16:54:50,normal,1,0
2025-04-20 16:54:53,Drowsiness,1,1
2025-04-20 16:54:56,normal,1,0
2025-04-20 16:54:59,Drowsiness,1,1
2025-04-20 16:55:02,normal,1,0
2025-04-20 16:55:05,Drowsiness,1,1
2025-04-20 16:55:08,normal,1,0
2025-04-20 16:55:11,Drowsiness,1,1
2025-04-20 16:55:14,normal,1,0
2025-04-20 16:55:17,Drowsiness,1,1
2025-04-20 16:55:20,normal,1,0
2025-04-20 16:55:23,Drowsiness,1,1
2025-04-20 16:55:26,normal,1,0
2025-04-20 16:55:29,Drowsiness,1,1
2025-04-20 16:55:32,normal,1,0
2025-04-20 16:55:35,Drowsiness,1,1
2025-04-20 16:55:38,normal,1,0
2025-04-20 16:55:41,Drowsiness,1,1
2025-04-20 16:55:44,normal,1,0
2025-04-20 16:55:47,Drowsiness,1,1
2025-04-20 16:55:50,normal,1,0
2025-04-20 16:55:53,Drowsiness,1,1
2025-04-20 16:55:56,normal,1,0
2025-04-20 16:55:59,Drowsiness,1,1
2025-04-20 16:56:02,normal,1,0
2025-04-20 16:56:05,Drowsiness,1,1
2025-04-20 16:56:08,normal,1,0
2025-04-20 16:56:11,Drowsiness,1,1
2025-04-20 16:56:14,normal,1,0
2025-04-20 16:56:17,Drowsiness,1,1
2025-04-20 16:56:20,normal,1,0
2025-04-20 16:56:23,Drowsiness,1,1
2025-04-20 16:56:28,Drowsiness,1,1
2025-04-20 16:56:33,Drowsiness,1,1
2025-04-20 16:56:36,normal,1,0
2025-04-20 16:56:39,Drowsiness,1,1
2025-04-20 16:56:42,normal,1,0
2025-04-20 16:56:45,Drowsiness,1,1
2025-04-20 16:56:48,normal,1,0
2025-04-20 16:56:51,Drowsiness,1,1
2025-04-20 16:56:54,normal,1,0
2025-04-20 16:56:57,Drowsiness,1,1
2025-04-20 16:57:00,normal,1,0
2025-04-20 16:57:03,Drowsiness,1,1
2025-04-20 16:57:06,normal,1,0
2025-04-20 16:57:09,Drowsiness,1,1
2025-04-20 16:57:12,normal,1,0
2025-04-20 16:57:15,Drowsiness,1,1
2025-04-20 16:57:20,Drowsiness,1,1
2025-04-20 16:57:25,Drowsiness,1,1
2025-04-20 16:57:30,Drowsiness,1,1
2025-04-20 16:57:35,Drowsiness,1,1
2025-04-20 16:57:40,Drowsiness,1,1
2025-04-20 16:57:45,Drowsiness,1,1
2025-04-20 16:57:48,normal,1,0
2025-04-20 16:57:51,Drowsiness,1,1
2025-04-20 16:57:56,Drowsiness,1,1
2025-04-20 16:58:01,Drowsiness,1,1
2025-04-20 16:58:06,Drowsiness,1,1
2025-04-20 16:58:11,Drowsiness,1,1
2025-04-20 16:58:16,Drowsiness,1,1
2025-04-20 16:58:20,Drowsiness,1,1
2025-04-20 16:58:20,Drowsiness,1,1
2025-04-20 16:58:20,Drowsiness,1,1
2025-04-20 16:58:20,Drowsiness,1,1
2025-04-20 16:58:20,Drowsiness,1,1
2025-04-20 16:58:20,Drowsiness,1,1
2025-04-20 16:58:20,Drowsiness,1,1
2025-04-20 16:58:20,Drowsiness,1,1
2025-04-20 16:58:20,Drowsiness,1,1
2025-04-20 16:58:20,Drowsiness,1,1
2025-04-20 16:58:20,Drowsiness,1,1
2025-04-20 16:58:20,Drowsiness,1,1
2025-04-20 16:58:20,Drowsiness,1,1
2025-04-20 16:58:20,Drowsiness,1,1
2025-04-20 16:58:20,Drowsiness,1,1
2025-04-20 16:58:20,Drowsiness,1,1
2025-04-20 16:58:20,Drowsiness,1,1
2025-04-20 16:58:20,Drowsiness,1,1
2025-04-20 16:58:20,Drowsiness,1,1
2025-04-20 16:58:20,Drowsiness,1,1
2025-04-20 16:58:20,Drowsiness,1,1
2025-04-20 16:58:20,Drowsiness,1,1
2025-04-20 16:58:20,Drowsiness,1,1
2025-04-20 16:58:20,Drowsiness,1,1
2025-04-20 17:07:09,Anomaly,0,1
2025-04-20 17:07:12,normal,0,0
2025-04-20 17:07:15,Anomaly,0,1
2025-04-20 17:07:20,Anomaly,0,1
2025-04-20 17:07:25,Anomaly,0,1
2025-04-20 17:07:28,normal,0,0
2025-04-20 17:07:31,Anomaly,0,1
2025-04-20 17:07:34,normal,0,0
2025-04-20 17:07:37,normal,0,0
2025-04-20 17:07:40,normal,0,0
2025-04-20 17:07:43,normal,0,0
2025-04-20 17:07:46,normal,0,0
2025-04-20 17:07:49,normal,0,0
2025-04-20 17:07:52,normal,0,0
2025-04-20 17:07:55,normal,0,0
2025-04-20 17:07:58,normal,0,0
2025-04-20 17:08:02,Anomaly,0,1
2025-04-20 17:08:05,normal,0,0
2025-04-20 17:08:08,normal,0,0
2025-04-20 17:08:12,Anomaly,0,1
2025-04-20 17:08:15,normal,0,0
2025-04-20 17:08:20,Drowsiness,0,1
2025-04-20 17:08:23,normal,0,0
2025-04-20 17:08:26,normal,0,0
2025-04-20 17:08:29,normal,0,0
2025-04-20 17:08:32,normal,0,0
2025-04-20 17:08:35,normal,0,0
2025-04-20 17:08:40,Drowsiness,0,1
2025-04-20 17:08:43,normal,0,0
2025-04-20 17:08:46,Drowsiness,0,1
2025-04-20 17:08:49,normal,0,0
2025-04-20 17:08:52,normal,0,0
2025-04-20 17:08:55,normal,0,0
2025-04-20 17:08:58,normal,0,0
2025-04-20 17:09:02,Drowsiness,0,1
2025-04-20 17:09:05,normal,0,0
2025-04-20 17:09:08,normal,0,0
2025-04-20 17:09:11,normal,0,0
2025-04-20 17:09:14,normal,0,0
2025-04-20 17:09:17,normal,0,0
2025-04-20 17:09:21,Drowsiness,0,1
2025-04-20 17:09:26,Anomaly,0,1
2025-04-20 17:09:29,normal,0,0
2025-04-20 17:09:32,Drowsiness,0,1
2025-04-20 17:09:35,normal,0,0
2025-04-20 17:09:38,Anomaly,0,1
2025-04-20 17:09:41,normal,0,0
2025-04-20 17:09:44,Drowsiness,0,1
2025-04-20 17:09:47,normal,0,0
2025-04-20 17:09:50,Drowsiness,0,1
2025-04-20 17:09:53,normal,0,0
2025-04-20 17:09:56,Anomaly,0,1
2025-04-20 17:09:59,normal,0,0
2025-04-20 17:10:02,Drowsiness,0,1
2025-04-20 17:10:05,normal,0,0
2025-04-20 17:10:08,Drowsiness,0,1
2025-04-20 17:10:11,normal,0,0
2025-04-20 17:10:14,Drowsiness,0,1
2025-04-20 17:10:17,normal,0,0
2025-04-20 17:10:20,Drowsiness,0,1
2025-04-20 17:10:25,Anomaly,0,1
2025-04-20 17:10:30,Drowsiness,0,1
2025-04-20 17:10:35,Anomaly,0,1
2025-04-20 17:10:40,Drowsiness,0,1
2025-04-20 17:10:43,normal,0,0
2025-04-20 17:10:46,normal,0,0
2025-04-20 17:10:49,normal,0,0
2025-04-20 17:10:52,normal,0,0
2025-04-20 17:10:55,normal,0,0
2025-04-20 17:10:58,Anomaly,0,1
2025-04-20 17:11:01,normal,0,0
2025-04-20 17:11:04,normal,0,0
2025-04-20 17:11:09,Anomaly,0,1
2025-04-20 17:11:14,Anomaly,0,1
2025-04-20 17:11:17,normal,0,0
2025-04-20 17:11:20,normal,0,0
2025-04-20 17:11:23,normal,0,0
2025-04-20 17:11:26,normal,0,0
2025-04-20 17:11:30,Anomaly,0,1
2025-04-20 17:11:33,normal,0,0
2025-04-20 17:11:36,normal,0,0
2025-04-20 17:11:39,normal,0,0
2025-04-20 17:11:42,normal,0,0
2025-04-20 17:11:45,Anomaly,0,1
2025-04-20 17:11:48,normal,0,0
2025-04-20 17:11:51,normal,0,0
2025-04-20 17:11:54,normal,0,0
2025-04-20 17:11:57,normal,0,0
2025-04-20 17:12:00,normal,0,0
2025-04-20 17:12:03,normal,0,0
2025-04-20 17:12:06,normal,0,0
2025-04-20 17:12:09,normal,0,0
2025-04-20 17:12:12,normal,0,0
2025-04-20 17:12:15,normal,0,0
2025-04-20 17:12:18,normal,0,0
2025-04-20 17:12:21,normal,0,0
2025-04-20 17:12:24,normal,0,0
2025-04-20 17:12:27,normal,0,0
2025-04-20 17:12:30,normal,0,0
2025-04-20 17:12:33,normal,0,0
2025-04-20 17:12:36,normal,0,0
2025-04-20 17:12:39,normal,0,0
2025-04-20 17:12:42,normal,0,0
2025-04-20 17:12:45,normal,0,0
2025-04-20 17:12:50,Drowsiness,0,1
2025-04-20 17:12:53,normal,0,0
2025-04-20 17:12:56,normal,0,0
2025-04-20 17:12:59,normal,0,0
2025-04-20 17:13:02,normal,0,0
2025-04-20 17:13:05,normal,0,0
2025-04-20 17:13:08,Drowsiness,0,1
2025-04-20 17:13:11,normal,0,0
2025-04-20 17:13:14,Drowsiness,0,1
2025-04-20 17:13:17,normal,0,0
2025-04-20 17:13:20,normal,0,0
2025-04-20 17:13:23,normal,0,0
2025-04-20 17:13:26,normal,0,0
2025-04-20 17:13:29,Drowsiness,0,1
2025-04-20 17:13:32,normal,0,0
2025-04-20 17:13:35,normal,0,0
2025-04-20 17:13:38,normal,0,0
2025-04-20 17:13:41,normal,0,0
2025-04-20 17:13:44,normal,0,0
2025-04-20 17:13:47,normal,0,0
2025-04-20 17:13:50,normal,0,0
2025-04-20 17:13:53,normal,0,0
2025-04-20 17:13:56,normal,0,0
2025-04-20 17:13:59,normal,0,0
2025-04-20 17:14:02,normal,0,0
2025-04-20 17:14:05,normal,0,0
2025-04-20 17:14:08,normal,0,0
2025-04-20 17:14:11,normal,0,0
2025-04-20 17:14:14,normal,0,0
2025-04-20 17:14:17,normal,0,0
2025-04-20 17:14:20,normal,0,0
2025-04-20 17:14:23,normal,0,0
2025-04-20 17:14:27,Drowsiness,0,1
2025-04-20 17:14:30,normal,0,0
2025-04-20 17:14:33,Drowsiness,0,1
2025-04-20 17:14:36,normal,0,0
2025-04-20 17:14:39,normal,0,0
2025-04-20 17:14:42,normal,0,0
2025-04-20 17:14:45,normal,0,0
2025-04-20 17:14:48,normal,0,0
2025-04-20 17:14:51,normal,0,0
2025-04-20 17:14:54,normal,0,0
2025-04-20 17:14:57,normal,0,0
2025-04-20 17:15:00,normal,0,0
2025-04-20 17:15:03,normal,0,0
2025-04-20 17:15:06,normal,0,0
2025-04-20 17:15:09,normal,0,0
2025-04-20 17:15:12,normal,0,0
2025-04-20 17:15:15,Drowsiness,0,1
2025-04-20 17:15:18,normal,0,0
2025-04-20 17:15:21,Drowsiness,0,1
2025-04-20 17:15:24,normal,0,0
2025-04-20 17:15:27,Drowsiness,0,1
2025-04-20 17:15:30,normal,0,0
2025-04-20 17:15:33,Drowsiness,0,1
2025-04-20 17:15:36,normal,0,0
2025-04-20 17:15:39,normal,0,0
2025-04-20 17:15:42,normal,0,0
2025-04-20 17:15:45,normal,0,0
2025-04-20 17:15:48,normal,0,0
2025-04-20 17:15:51,normal,0,0
2025-04-20 17:15:54,normal,0,0
2025-04-20 17:15:57,normal,0,0
2025-04-20 17:16:00,normal,0,0
2025-04-20 17:16:03,normal,0,0
2025-04-20 17:16:06,normal,0,0
2025-04-20 17:16:09,normal,0,0
2025-04-20 17:16:12,normal,0,0
2025-04-20 17:16:15,normal,0,0
2025-04-20 17:16:18,normal,0,0
2025-04-20 17:16:21,normal,0,0
2025-04-20 17:16:24,normal,0,0
2025-04-20 17:16:27,normal,0,0
2025-04-20 17:16:30,normal,0,0
2025-04-20 17:16:33,normal,0,0
2025-04-20 17:16:36,normal,0,0
2025-04-20 17:16:39,normal,0,0
2025-04-20 17:16:42,normal,0,0
2025-04-20 17:16:45,normal,0,0
2025-04-20 17:16:48,normal,0,0
2025-04-20 17:16:51,normal,0,0
2025-04-20 17:16:54,normal,0,0
2025-04-20 17:16:57,normal,0,0
2025-04-20 17:17:00,normal,0,0
2025-04-20 17:17:03,normal,0,0
2025-04-20 17:17:06,normal,0,0
2025-04-20 17:17:09,normal,0,0
2025-04-20 17:17:12,normal,0,0
2025-04-20 17:17:15,normal,0,0
2025-04-20 17:17:18,normal,0,0
2025-04-20 17:17:21,Drowsiness,0,1
2025-04-20 17:17:24,normal,0,0
2025-04-20 17:17:27,normal,0,0
2025-04-20 17:17:30,normal,0,0
2025-04-20 17:17:33,normal,0,0
2025-04-20 17:17:36,normal,0,0
2025-04-20 17:17:39,normal,0,0
2025-04-20 17:17:42,normal,0,0
2025-04-20 17:17:45,normal,0,0
2025-04-20 17:17:48,normal,0,0
2025-04-20 17:17:51,normal,0,0
2025-04-20 17:17:54,normal,0,0
2025-04-20 17:17:57,normal,0,0
2025-04-20 17:18:00,normal,0,0
2025-04-20 17:18:03,normal,0,0
2025-04-20 17:18:06,normal,0,0
2025-04-20 17:18:09,normal,0,0
2025-04-20 17:18:12,normal,0,0
2025-04-20 17:18:15,normal,0,0
2025-04-20 17:18:18,normal,0,0
2025-04-20 17:18:21,normal,0,0
2025-04-20 17:18:24,normal,0,0
2025-04-20 17:18:27,normal,0,0
2025-04-20 17:18:30,normal,0,0
2025-04-20 17:18:33,normal,0,0
2025-04-20 17:18:37,Drowsiness,0,1
2025-04-20 17:18:40,normal,0,0
2025-04-20 17:18:43,Drowsiness,0,1
2025-04-20 17:18:46,normal,0,0
2025-04-20 17:18:49,normal,0,0
2025-04-20 17:18:52,normal,0,0
2025-04-20 17:18:55,normal,0,0
2025-04-20 17:18:58,normal,0,0
2025-04-20 17:19:01,normal,0,0
2025-04-20 17:19:04,normal,0,0
2025-04-20 17:19:07,normal,0,0
2025-04-20 17:19:10,normal,0,0
2025-04-20 17:19:13,normal,0,0
2025-04-20 17:19:16,normal,0,0
2025-04-20 17:19:19,normal,0,0
2025-04-20 17:19:22,normal,0,0
2025-04-20 17:19:25,normal,0,0
2025-04-20 17:19:28,Drowsiness,0,1
2025-04-20 17:19:31,normal,0,0
2025-04-20 17:19:34,normal,0,0
2025-04-20 17:19:37,normal,0,0
2025-04-20 17:19:40,normal,0,0
2025-04-20 17:19:43,normal,0,0
2025-04-20 17:19:46,normal,0,0
2025-04-20 17:19:49,normal,0,0
2025-04-20 17:19:52,normal,0,0
2025-04-20 17:19:55,normal,0,0
2025-04-20 17:19:58,normal,0,0
2025-04-20 17:20:01,normal,0,0
2025-04-20 17:20:04,normal,0,0
2025-04-20 17:20:07,normal,0,0
2025-04-20 17:20:11,Drowsiness,0,1
2025-04-20 17:20:16,Anomaly,0,1
2025-04-20 17:20:19,normal,0,0
2025-04-20 17:20:22,normal,0,0
2025-04-20 17:20:26,Anomaly,0,1
2025-04-20 17:20:31,Anomaly,0,1
2025-04-20 17:20:34,normal,0,0
2025-04-20 17:20:37,normal,0,0
2025-04-20 17:20:40,normal,0,0
2025-04-20 17:20:43,normal,0,0
2025-04-20 17:20:46,normal,0,0
2025-04-20 17:20:49,normal,0,0
2025-04-20 17:20:53,Drowsiness,0,1
2025-04-20 17:20:56,normal,0,0
2025-04-20 17:20:59,Drowsiness,0,1
2025-04-20 17:21:02,normal,0,0
2025-04-20 17:21:05,Drowsiness,0,1
2025-04-20 17:21:08,normal,0,0
2025-04-20 17:21:11,normal,0,0
2025-04-20 17:21:14,normal,0,0
2025-04-20 17:21:17,normal,0,0
2025-04-20 17:21:20,normal,0,0
2025-04-20 17:21:23,normal,0,0
2025-04-20 17:21:26,normal,0,0
2025-04-20 17:21:29,normal,0,0
2025-04-20 17:21:32,normal,0,0
2025-04-20 17:21:35,Drowsiness,0,1
2025-04-20 17:21:38,normal,0,0
2025-04-20 17:21:41,Drowsiness,0,1
2025-04-20 17:21:44,normal,0,0
2025-04-20 17:21:49,Anomaly,0,1
2025-04-20 17:21:52,normal,0,0
2025-04-20 17:21:55,normal,0,0
2025-04-20 17:21:59,Anomaly,0,1
2025-04-20 17:22:02,normal,0,0
2025-04-20 17:22:05,normal,0,0
2025-04-20 17:22:08,Drowsiness,0,1
2025-04-20 17:22:11,normal,0,0
2025-04-20 17:22:14,normal,0,0
2025-04-20 17:22:17,normal,0,0
2025-04-20 17:22:20,Anomaly,0,1
2025-04-20 17:22:23,normal,0,0
2025-04-20 17:22:26,normal,0,0
2025-04-20 17:22:29,Drowsiness,0,1
2025-04-20 17:22:32,normal,0,0
2025-04-20 17:22:36,Anomaly,0,1
2025-04-20 17:22:39,normal,0,0
2025-04-20 17:22:42,normal,0,0
2025-04-20 17:22:45,normal,0,0
2025-04-20 17:22:48,normal,0,0
2025-04-20 17:22:51,normal,0,0
2025-04-20 17:22:54,normal,0,0
2025-04-20 17:22:57,Drowsiness,0,1
2025-04-20 17:23:00,normal,0,0
2025-04-20 17:23:03,normal,0,0
2025-04-20 17:23:06,normal,0,0
2025-04-20 17:23:09,normal,0,0
2025-04-20 17:23:12,normal,0,0
2025-04-20 17:23:15,normal,0,0
2025-04-20 17:23:18,normal,0,0
2025-04-20 17:23:21,normal,0,0
2025-04-20 17:23:24,normal,0,0
2025-04-20 17:23:27,Anomaly,0,1
2025-04-20 17:23:30,normal,0,0
2025-04-20 17:23:33,normal,0,0
2025-04-20 17:23:36,Drowsiness,0,1
2025-04-20 17:23:39,normal,0,0
2025-04-20 17:23:43,Drowsiness,0,1
2025-04-20 17:23:46,normal,0,0
2025-04-20 17:23:49,Drowsiness,0,1
2025-04-20 17:23:52,normal,0,0
2025-04-20 17:23:55,Drowsiness,0,1
2025-04-20 17:24:00,Anomaly,0,1
2025-04-20 17:24:03,normal,0,0
2025-04-20 17:24:06,Drowsiness,0,1
2025-04-20 17:24:11,Anomaly,0,1
2025-04-20 17:24:14,normal,0,0
2025-04-20 17:24:17,normal,0,0
2025-04-20 17:24:22,Drowsiness,0,1
2025-04-20 17:24:25,normal,0,0
2025-04-20 17:24:30,Anomaly,0,1
2025-04-20 17:24:33,normal,0,0
2025-04-20 17:24:36,normal,0,0
2025-04-20 17:24:40,Drowsiness,0,1
2025-04-20 17:24:43,normal,0,0
2025-04-20 17:24:46,normal,0,0
2025-04-20 17:24:49,normal,0,0
2025-04-20 17:24:52,normal,0,0
2025-04-20 17:24:55,normal,0,0
2025-04-20 17:24:58,normal,0,0
2025-04-20 17:25:03,Drowsiness,0,1
2025-04-20 17:25:08,Anomaly,0,1
2025-04-20 17:25:11,normal,0,0
2025-04-20 17:25:14,Drowsiness,0,1
2025-04-20 17:25:17,normal,0,0
2025-04-20 17:25:20,normal,0,0
2025-04-20 17:25:23,normal,0,0
2025-04-20 17:25:28,Drowsiness,0,1
2025-04-20 17:25:31,normal,0,0
2025-04-20 17:25:34,normal,0,0
2025-04-20 17:25:37,Anomaly,0,1
2025-04-20 17:25:40,normal,0,0
2025-04-20 17:25:43,Anomaly,0,1
2025-04-20 17:25:46,normal,0,0
2025-04-20 17:25:49,normal,0,0
2025-04-20 17:25:52,normal,0,0
2025-04-20 17:25:55,normal,0,0
2025-04-20 17:25:58,normal,0,0
2025-04-20 17:26:01,normal,0,0
2025-04-20 17:26:04,normal,0,0
2025-04-20 17:26:07,Drowsiness,0,1
2025-04-20 17:26:10,normal,0,0
2025-04-20 17:26:13,Drowsiness,0,1
2025-04-20 17:26:16,normal,0,0
2025-04-20 17:26:19,normal,0,0
2025-04-20 17:26:22,normal,0,0
2025-04-20 17:26:25,normal,0,0
2025-04-20 17:26:28,normal,0,0
2025-04-20 17:26:31,normal,0,0
2025-04-20 17:26:34,normal,0,0
2025-04-20 17:26:37,normal,0,0
2025-04-20 17:26:40,normal,0,0
2025-04-20 17:26:43,normal,0,0
2025-04-20 17:26:47,Drowsiness,0,1
2025-04-20 17:26:50,normal,0,0
2025-04-20 17:26:53,normal,0,0
2025-04-20 17:26:56,normal,0,0
2025-04-20 17:26:59,normal,0,0
2025-04-20 17:27:02,normal,0,0
2025-04-20 17:27:05,normal,0,0
2025-04-20 17:27:08,normal,0,0
2025-04-20 17:27:11,Drowsiness,0,1
2025-04-20 17:27:14,normal,0,0
2025-04-20 17:27:17,Drowsiness,0,1
2025-04-20 17:27:20,normal,0,0
2025-04-20 17:27:23,Drowsiness,0,1
2025-04-20 17:27:26,normal,0,0
2025-04-20 17:27:29,Drowsiness,0,1
2025-04-20 17:27:32,normal,0,0
2025-04-20 17:27:35,Drowsiness,0,1
2025-04-20 17:27:38,normal,0,0
2025-04-20 17:27:41,Drowsiness,0,1
2025-04-20 17:27:44,normal,0,0
2025-04-20 17:27:47,Drowsiness,0,1
2025-04-20 17:27:50,normal,0,0
2025-04-20 17:27:53,Drowsiness,0,1
2025-04-20 17:27:56,normal,0,0
2025-04-20 17:27:59,Drowsiness,0,1
2025-04-20 17:28:02,normal,0,0
2025-04-20 17:28:05,Drowsiness,0,1
2025-04-20 17:28:08,normal,0,0
2025-04-20 17:28:11,Drowsiness,0,1
2025-04-20 17:28:14,normal,0,0
2025-04-20 17:28:17,Drowsiness,0,1
2025-04-20 17:28:20,normal,0,0
2025-04-20 17:28:23,Drowsiness,0,1
2025-04-20 17:28:26,normal,0,0
2025-04-20 17:28:29,Drowsiness,0,1
2025-04-20 17:28:32,normal,0,0
2025-04-20 17:28:35,Drowsiness,0,1
2025-04-20 17:28:38,normal,0,0
2025-04-20 17:28:41,Drowsiness,0,1
2025-04-20 17:28:44,normal,0,0
2025-04-20 17:28:47,Drowsiness,0,1
2025-04-20 17:28:50,normal,0,0
2025-04-20 17:28:53,Drowsiness,0,1
2025-04-20 17:28:56,normal,0,0
2025-04-20 17:28:59,Drowsiness,0,1
2025-04-20 17:29:04,Anomaly,0,1
2025-04-20 17:29:07,normal,0,0
2025-04-20 17:29:10,Drowsiness,0,1
2025-04-20 17:29:13,normal,0,0
2025-04-20 17:29:16,Drowsiness,0,1
2025-04-20 17:29:19,normal,0,0
2025-04-20 17:29:22,Drowsiness,0,1
2025-04-20 17:29:25,normal,0,0
2025-04-20 17:29:28,Drowsiness,0,1
2025-04-20 17:29:31,normal,0,0
2025-04-20 17:29:34,Anomaly,0,1
2025-04-20 17:29:37,normal,0,0
2025-04-20 17:29:40,Drowsiness,0,1
2025-04-20 17:29:45,Red-eye,0,0
2025-04-20 17:29:50,Drowsiness,0,1
2025-04-20 17:29:55,Anomaly,0,1
2025-04-20 17:30:00,Anomaly,0,1
2025-04-20 17:30:05,Anomaly,0,1
2025-04-20 17:30:10,Anomaly,0,1
2025-04-20 17:30:13,normal,0,0
2025-04-20 17:30:16,Drowsiness,0,1
2025-04-20 17:30:19,normal,0,0
2025-04-20 17:30:22,Drowsiness,0,1
2025-04-20 17:30:25,normal,0,0
2025-04-20 17:30:28,Drowsiness,0,1
2025-04-20 17:30:31,normal,0,0
2025-04-20 17:30:34,Drowsiness,0,1
2025-04-20 17:30:37,normal,0,0
2025-04-20 17:30:40,Drowsiness,0,1
2025-04-20 17:30:43,normal,0,0
2025-04-20 17:30:46,Drowsiness,0,1
2025-04-20 17:30:49,normal,0,0
2025-04-20 17:30:52,Drowsiness,0,1
2025-04-20 17:30:55,normal,0,0
2025-04-20 17:30:58,Drowsiness,0,1
2025-04-20 17:31:01,normal,0,0
2025-04-20 17:31:04,Drowsiness,0,1
2025-04-20 17:31:09,Anomaly,0,1
2025-04-20 17:31:12,normal,0,0
2025-04-20 17:31:15,Drowsiness,0,1
2025-04-20 17:31:18,normal,0,0
2025-04-20 17:31:21,Drowsiness,0,1
2025-04-20 17:31:24,normal,0,0
2025-04-20 17:31:27,Anomaly,0,1
2025-04-20 17:31:30,normal,0,0
2025-04-20 17:31:33,Drowsiness,0,1
2025-04-20 17:31:36,normal,0,0
2025-04-20 17:31:39,Anomaly,0,1
2025-04-20 17:31:42,normal,0,0
2025-04-20 17:31:45,Drowsiness,0,1
2025-04-20 17:31:48,normal,0,0
2025-04-20 17:31:51,Anomaly,0,1
2025-04-20 17:31:54,normal,0,0
2025-04-20 17:31:57,Drowsiness,0,1
2025-04-20 17:32:00,normal,0,0
2025-04-20 17:32:03,Anomaly,0,1
2025-04-20 17:32:06,normal,0,0
2025-04-20 17:32:09,Anomaly,0,1
2025-04-20 17:32:12,normal,0,0
2025-04-20 17:32:15,Drowsiness,0,1
2025-04-20 17:32:18,normal,0,0
2025-04-20 17:32:21,Drowsiness,0,1
2025-04-20 17:32:24,normal,0,0
2025-04-20 17:32:27,Drowsiness,0,1
2025-04-20 17:32:30,normal,0,0
2025-04-20 17:32:33,Drowsiness,0,1
2025-04-20 17:32:36,normal,0,0
2025-04-20 17:32:39,Anomaly,0,1
2025-04-20 17:32:42,normal,0,0
2025-04-20 17:32:45,Drowsiness,0,1
2025-04-20 17:32:48,normal,0,0
2025-04-20 17:32:51,Anomaly,0,1
2025-04-20 17:32:54,normal,0,0
2025-04-20 17:32:57,Drowsiness,0,1
2025-04-20 17:33:00,normal,0,0
2025-04-20 17:33:03,Drowsiness,0,1
2025-04-20 17:33:06,normal,0,0
2025-04-20 17:33:09,Anomaly,0,1
2025-04-20 17:33:12,normal,0,0
2025-04-20 17:33:15,Anomaly,0,1
2025-04-20 17:33:18,normal,0,0
2025-04-20 17:33:21,Drowsiness,0,1
2025-04-20 17:33:24,normal,0,0
2025-04-20 17:33:27,Drowsiness,0,1
2025-04-20 17:33:30,normal,0,0
2025-04-20 17:33:33,Anomaly,0,1
2025-04-20 17:33:36,normal,0,0
2025-04-20 17:33:39,Drowsiness,0,1
2025-04-20 17:33:42,normal,0,0
2025-04-20 17:33:45,Anomaly,0,1
2025-04-20 17:33:48,normal,0,0
2025-04-20 17:33:51,Drowsiness,0,1
2025-04-20 17:33:54,normal,0,0
2025-04-20 17:33:57,Drowsiness,0,1
2025-04-20 17:34:00,normal,0,0
2025-04-20 17:34:03,Drowsiness,0,1
2025-04-20 17:34:06,normal,0,0
2025-04-20 17:34:09,Drowsiness,0,1
2025-04-20 17:34:12,normal,0,0
2025-04-20 17:34:15,Drowsiness,0,1
2025-04-20 17:34:18,normal,0,0
2025-04-20 17:34:21,Drowsiness,0,1
2025-04-20 17:34:24,normal,0,0
2025-04-20 17:34:27,Drowsiness,0,1
2025-04-20 17:34:30,normal,0,0
2025-04-20 17:34:33,Drowsiness,0,1
2025-04-20 17:34:36,normal,0,0
2025-04-20 17:34:39,Drowsiness,0,1
2025-04-20 17:34:42,normal,0,0
2025-04-20 17:34:45,Drowsiness,0,1
2025-04-20 17:34:48,normal,0,0
2025-04-20 17:34:51,Anomaly,0,1
2025-04-20 17:34:54,normal,0,0
2025-04-20 17:34:57,Anomaly,0,1
2025-04-20 17:35:00,normal,0,0
2025-04-20 17:35:03,Drowsiness,0,1
2025-04-20 17:35:06,normal,0,0
2025-04-20 17:35:09,Drowsiness,0,1
2025-04-20 17:35:12,normal,0,0
2025-04-20 17:35:15,Drowsiness,0,1
2025-04-20 17:35:18,normal,0,0
2025-04-20 17:35:21,Drowsiness,0,1
2025-04-20 17:35:24,normal,0,0
2025-04-20 17:35:27,Drowsiness,0,1
2025-04-20 17:35:30,normal,0,0
2025-04-20 17:35:33,Drowsiness,0,1
2025-04-20 17:35:36,normal,0,0
2025-04-20 17:35:39,Drowsiness,0,1
2025-04-20 17:35:42,normal,0,0
2025-04-20 17:35:45,Anomaly,0,1
2025-04-20 17:35:48,normal,0,0
2025-04-20 17:35:51,Drowsiness,0,1
2025-04-20 17:35:54,normal,0,0
2025-04-20 17:35:57,Drowsiness,0,1
2025-04-20 17:36:00,normal,0,0
2025-04-20 17:36:03,Drowsiness,0,1
2025-04-20 17:36:06,normal,0,0
2025-04-20 17:36:09,Anomaly,0,1
2025-04-20 17:36:12,normal,0,0
2025-04-20 17:36:15,Drowsiness,0,1
2025-04-20 17:36:18,normal,0,0
2025-04-20 17:36:21,Anomaly,0,1
2025-04-20 17:36:24,normal,0,0
2025-04-20 17:36:27,Drowsiness,0,1
2025-04-20 17:36:30,normal,0,0
2025-04-20 17:36:33,Drowsiness,0,1
2025-04-20 17:36:36,normal,0,0
2025-04-20 17:36:39,Drowsiness,0,1
2025-04-20 17:36:42,normal,0,0
2025-04-20 17:36:45,Anomaly,0,1
2025-04-20 17:36:48,normal,0,0
2025-04-20 17:36:51,Drowsiness,0,1
2025-04-20 17:36:54,normal,0,0
2025-04-20 17:36:57,Drowsiness,0,1
2025-04-20 17:37:00,normal,0,0
2025-04-20 17:37:03,Anomaly,0,1
2025-04-20 17:37:06,normal,0,0
2025-04-20 17:37:09,Drowsiness,0,1
2025-04-20 17:37:12,normal,0,0
2025-04-20 17:37:15,Anomaly,0,1
2025-04-20 17:37:18,normal,0,0
2025-04-20 17:37:21,Drowsiness,0,1
2025-04-20 17:37:24,normal,0,0
2025-04-20 17:37:27,Drowsiness,0,1
2025-04-20 17:37:30,normal,0,0
2025-04-20 17:37:33,Drowsiness,0,1
2025-04-20 17:37:36,normal,0,0
2025-04-20 17:37:39,Anomaly,0,1
2025-04-20 17:37:42,normal,0,0
2025-04-20 17:37:45,Anomaly,0,1
2025-04-20 17:37:48,normal,0,0
2025-04-20 17:37:51,Drowsiness,0,1
2025-04-20 17:37:54,normal,0,0
2025-04-20 17:37:57,Anomaly,0,1
2025-04-20 17:38:00,normal,0,0
2025-04-20 17:38:03,Drowsiness,0,1
2025-04-20 17:38:06,normal,0,0
2025-04-20 17:38:09,Drowsiness,0,1
2025-04-20 17:38:12,normal,0,0
2025-04-20 17:38:15,Anomaly,0,1
2025-04-20 17:38:18,normal,0,0
2025-04-20 17:38:21,Drowsiness,0,1
2025-04-20 17:38:24,normal,0,0
2025-04-20 17:38:27,Drowsiness,0,1
2025-04-20 17:38:30,normal,0,0
2025-04-20 17:38:33,Drowsiness,0,1
2025-04-20 17:38:36,normal,0,0
2025-04-20 17:38:39,Anomaly,0,1
2025-04-20 17:38:42,normal,0,0
2025-04-20 17:38:45,Drowsiness,0,1
2025-04-20 17:38:48,normal,0,0
2025-04-20 17:38:51,Anomaly,0,1
2025-04-20 17:38:54,normal,0,0
2025-04-20 17:38:57,Drowsiness,0,1
2025-04-20 17:39:00,normal,0,0
2025-04-20 17:39:03,Anomaly,0,1
2025-04-20 17:39:06,normal,0,0
2025-04-20 17:39:09,Drowsiness,0,1
2025-04-20 17:39:12,normal,0,0
2025-04-20 17:39:15,Anomaly,0,1
2025-04-20 17:39:18,normal,0,0
2025-04-20 17:39:21,Drowsiness,0,1
2025-04-20 17:39:24,normal,0,0
2025-04-20 17:39:27,Drowsiness,0,1
2025-04-20 17:39:30,normal,0,0
2025-04-20 17:39:33,Drowsiness,0,1
2025-04-20 17:39:36,normal,0,0
2025-04-20 17:39:39,Anomaly,0,1
2025-04-20 17:39:42,normal,0,0
2025-04-20 17:39:45,Drowsiness,0,1
2025-04-20 17:39:48,normal,0,0
2025-04-20 17:39:51,Drowsiness,0,1
2025-04-20 17:39:54,normal,0,0
2025-04-20 17:39:57,Anomaly,0,1
2025-04-20 17:40:00,normal,0,0
2025-04-20 17:40:03,Anomaly,0,1
2025-04-20 17:40:06,normal,0,0
2025-04-20 17:40:09,Drowsiness,0,1
2025-04-20 17:40:12,normal,0,0
2025-04-20 17:40:15,Drowsiness,0,1
2025-04-20 17:40:18,normal,0,0
2025-04-20 17:40:21,Drowsiness,0,1
2025-04-20 17:40:24,normal,0,0
2025-04-20 17:40:27,Drowsiness,0,1
2025-04-20 17:40:30,normal,0,0
2025-04-20 17:40:33,Drowsiness,0,1
2025-04-20 17:40:36,normal,0,0
2025-04-20 17:40:39,Drowsiness,0,1
2025-04-20 17:40:42,normal,0,0
2025-04-20 17:40:45,Drowsiness,0,1
2025-04-20 17:40:48,normal,0,0
2025-04-20 17:40:51,Drowsiness,0,1
2025-04-20 17:40:54,normal,0,0
2025-04-20 17:40:57,Anomaly,0,1
2025-04-20 17:41:00,normal,0,0
2025-04-20 17:41:03,Drowsiness,0,1
2025-04-20 17:41:06,normal,0,0
2025-04-20 17:41:09,Anomaly,0,1
2025-04-20 17:41:12,normal,0,0
2025-04-20 17:41:15,Drowsiness,0,1
2025-04-20 17:41:18,normal,0,0
2025-04-20 17:41:21,Drowsiness,0,1
2025-04-20 17:41:24,normal,0,0
2025-04-20 17:41:27,Drowsiness,0,1
2025-04-20 17:41:30,normal,0,0
2025-04-20 17:41:33,Anomaly,0,1
2025-04-20 17:41:36,normal,0,0
2025-04-20 17:41:39,Anomaly,0,1
2025-04-20 17:41:42,normal,0,0
2025-04-20 17:41:45,Drowsiness,0,1
2025-04-20 17:41:48,normal,0,0
2025-04-20 17:41:51,Anomaly,0,1
2025-04-20 17:41:54,normal,0,0
2025-04-20 17:41:57,Drowsiness,0,1
2025-04-20 17:42:00,normal,0,0
2025-04-20 17:42:03,Anomaly,0,1
2025-04-20 17:42:06,normal,0,0
2025-04-20 17:42:09,Drowsiness,0,1
2025-04-20 17:42:12,normal,0,0
2025-04-20 17:42:15,Anomaly,0,1
2025-04-20 17:42:18,normal,0,0
2025-04-20 17:42:21,Drowsiness,0,1
2025-04-20 17:42:24,normal,0,0
2025-04-20 17:42:27,Anomaly,0,1
2025-04-20 17:42:30,normal,0,0
2025-04-20 17:42:33,Drowsiness,0,1
2025-04-20 17:42:36,normal,0,0
2025-04-20 17:42:39,Anomaly,0,1
2025-04-20 17:42:42,normal,0,0
2025-04-20 17:42:45,Drowsiness,0,1
2025-04-20 17:42:48,normal,0,0
2025-04-20 17:42:51,Anomaly,0,1
2025-04-20 17:42:54,normal,0,0
2025-04-20 17:42:57,Drowsiness,0,1
2025-04-20 17:43:00,normal,0,0
2025-04-20 17:43:03,Anomaly,0,1
2025-04-20 17:43:06,normal,0,0
2025-04-20 17:43:09,Drowsiness,0,1
2025-04-20 17:43:12,normal,0,0
2025-04-20 17:43:15,Anomaly,0,1
2025-04-20 17:43:18,normal,0,0
2025-04-20 17:43:21,Anomaly,0,1
2025-04-20 17:43:24,normal,0,0
2025-04-20 17:43:27,Drowsiness,0,1
2025-04-20 17:43:30,normal,0,0
2025-04-20 17:43:33,Anomaly,0,1
2025-04-20 17:43:36,normal,0,0
2025-04-20 17:43:39,Drowsiness,0,1
2025-04-20 17:43:42,normal,0,0
2025-04-20 17:43:45,Anomaly,0,1
2025-04-20 17:43:48,normal,0,0
2025-04-20 17:43:51,Drowsiness,0,1
2025-04-20 17:43:54,normal,0,0
2025-04-20 17:43:57,Anomaly,0,1
2025-04-20 17:44:00,normal,0,0
2025-04-20 17:44:03,Drowsiness,0,1
2025-04-20 17:44:06,normal,0,0
2025-04-20 17:44:09,Anomaly,0,1
2025-04-20 17:44:12,normal,0,0
2025-04-20 17:44:15,Drowsiness,0,1
2025-04-20 17:44:18,normal,0,0
2025-04-20 17:44:21,Anomaly,0,1
2025-04-20 17:44:24,normal,0,0
2025-04-20 17:44:27,Drowsiness,0,1
2025-04-20 17:44:30,normal,0,0
2025-04-20 17:44:33,Anomaly,0,1
2025-04-20 17:44:36,normal,0,0
2025-04-20 17:44:39,Drowsiness,0,1
2025-04-20 17:44:42,normal,0,0
2025-04-20 17:44:45,Anomaly,0,1
2025-04-20 17:44:48,normal,0,0
2025-04-20 17:44:51,Drowsiness,0,1
2025-04-20 17:44:54,normal,0,0
2025-04-20 17:44:57,Anomaly,0,1
2025-04-20 17:45:00,normal,0,0
2025-04-20 17:45:03,Anomaly,0,1
2025-04-20 17:45:06,normal,0,0
2025-04-20 17:45:09,Drowsiness,0,1
2025-04-20 17:45:12,normal,0,0
2025-04-20 17:45:15,Anomaly,0,1
2025-04-20 17:45:18,normal,0,0
2025-04-20 17:45:21,Drowsiness,0,1
2025-04-20 17:45:24,normal,0,0
2025-04-20 17:45:28,Anomaly,0,1
2025-04-20 17:45:31,normal,0,0
2025-04-20 17:45:34,Drowsiness,0,1
2025-04-20 17:45:37,normal,0,0
2025-04-20 17:45:40,Anomaly,0,1
2025-04-20 17:45:43,normal,0,0
2025-04-20 17:45:46,Drowsiness,0,1
2025-04-20 17:45:49,normal,0,0
2025-04-20 17:45:52,Anomaly,0,1
2025-04-20 17:45:55,normal,0,0
2025-04-20 17:45:58,Drowsiness,0,1
2025-04-20 17:46:01,normal,0,0
2025-04-20 17:46:04,Anomaly,0,1
2025-04-20 17:46:07,normal,0,0
2025-04-20 17:46:10,Drowsiness,0,1
2025-04-20 17:46:13,normal,0,0
2025-04-20 17:46:16,Anomaly,0,1
2025-04-20 17:46:19,normal,0,0
2025-04-20 17:46:22,Drowsiness,0,1
2025-04-20 17:46:25,normal,0,0
2025-04-20 17:46:28,Anomaly,0,1
2025-04-20 17:46:31,normal,0,0
2025-04-20 17:46:34,Anomaly,0,1
2025-04-20 17:46:37,normal,0,0
2025-04-20 17:46:40,Drowsiness,0,1
2025-04-20 17:46:43,normal,0,0
2025-04-20 17:46:46,Anomaly,0,1
2025-04-20 17:46:49,normal,0,0
2025-04-20 17:46:52,Drowsiness,0,1
2025-04-20 17:46:55,normal,0,0